IdTweet,TweetText,TimeCreated,RetweetCount,FavoriteCount,Urls,medias,hashtags
1240016313881448449,"Do you want to analyze COVID-19 data in Python?

a)  Johns Hopkins CSSE dataset https://t.co/uSKsTyFYqD

b) COVID-1â€¦ https://t.co/NPnxLYGUtI",2020-03-17 20:45:02,71,155,"[{'url': 'https://t.co/uSKsTyFYqD', 'expanded_url': 'https://github.com/CSSEGISandData/COVID-19', 'display_url': 'github.com/CSSEGISandDataâ€¦', 'indices': [80, 103]}, {'url': 'https://t.co/NPnxLYGUtI', 'expanded_url': 'https://twitter.com/i/web/status/1240016313881448449', 'display_url': 'twitter.com/i/web/status/1â€¦', 'indices': [117, 140]}]",,[]
1239637151970668552,"#pythontip by @ori75660:

Python and PayPal API, it is not that scary â€”
https://t.co/dGDrQq4wkw

Do you have a tipâ€¦ https://t.co/sQ5knbcBot",2020-03-16 19:38:23,5,9,"[{'url': 'https://t.co/dGDrQq4wkw', 'expanded_url': 'https://dapythonista.com/2020/03/03/api-its-not-that-scary/', 'display_url': 'dapythonista.com/2020/03/03/apiâ€¦', 'indices': [72, 95]}, {'url': 'https://t.co/sQ5knbcBot', 'expanded_url': 'https://twitter.com/i/web/status/1239637151970668552', 'display_url': 'twitter.com/i/web/status/1â€¦', 'indices': [116, 139]}]",,"[{'text': 'pythontip', 'indices': [0, 10]}]"
1238465351895171075,"Number of values that meet a condition:
(df.rating > 90).sum()
df.somecol.isnull().sum()

Proportion of values thatâ€¦ https://t.co/krabbeLuip",2020-03-13 14:02:04,12,73,"[{'url': 'https://t.co/krabbeLuip', 'expanded_url': 'https://twitter.com/i/web/status/1238465351895171075', 'display_url': 'twitter.com/i/web/status/1â€¦', 'indices': [120, 143]}]",,[]
1237862587586338816,"from pathlib import Path

file_path = ""/path/to/myfile.png""

file_name = Path(file_path).name  # myfile.png
file_stâ€¦ https://t.co/kk0CEIYR5O",2020-03-11 22:06:53,25,95,"[{'url': 'https://t.co/kk0CEIYR5O', 'expanded_url': 'https://twitter.com/i/web/status/1237862587586338816', 'display_url': 'twitter.com/i/web/status/1â€¦', 'indices': [117, 140]}]",,[]
1237117902488305664,">>> numbers = ['9', '44', '8', '222']
>>> max(numbers)
'9'
>>> max(numbers, key=int)
'222'
#python",2020-03-09 20:47:47,21,123,[],,"[{'text': 'python', 'indices': [118, 125]}]"
1236802842901524481,"How to run Jupyter Notebook as a service (on Ubuntu 18.04)

https://t.co/NulO72AoKB

You can use this to run Jupyteâ€¦ https://t.co/24Ul6lRMng",2020-03-08 23:55:51,3,25,"[{'url': 'https://t.co/NulO72AoKB', 'expanded_url': 'https://naysan.ca/2019/09/07/jupyter-notebook-as-a-service-on-ubuntu-18-04-with-python-3/', 'display_url': 'naysan.ca/2019/09/07/jupâ€¦', 'indices': [60, 83]}, {'url': 'https://t.co/24Ul6lRMng', 'expanded_url': 'https://twitter.com/i/web/status/1236802842901524481', 'display_url': 'twitter.com/i/web/status/1â€¦', 'indices': [117, 140]}]",,[]
1235551355038765056,Do you need to remove a column from `DataFrame` and store it separately? (for example to remove the target from traâ€¦ https://t.co/j25bFR8ZIN,2020-03-05 13:02:53,18,95,"[{'url': 'https://t.co/j25bFR8ZIN', 'expanded_url': 'https://twitter.com/i/web/status/1235551355038765056', 'display_url': 'twitter.com/i/web/status/1â€¦', 'indices': [117, 140]}]",,[]
1235282180710027265,"And this is why should use a sentinel value (like None) instead of a mutable default.

Workaround:

def f(x=None):â€¦ https://t.co/H38nS4dTQ2",2020-03-04 19:13:16,14,46,"[{'url': 'https://t.co/H38nS4dTQ2', 'expanded_url': 'https://twitter.com/i/web/status/1235282180710027265', 'display_url': 'twitter.com/i/web/status/1â€¦', 'indices': [116, 139]}]",,[]
1234963392621948928,"Have you ever wanted to build your own interactive Python or R course?

Try: https://t.co/qCo9rbS439

Examples:
spaâ€¦ https://t.co/HTBQFwvfOW",2020-03-03 22:06:31,9,46,"[{'url': 'https://t.co/qCo9rbS439', 'expanded_url': 'https://github.com/ines/course-starter-python', 'display_url': 'github.com/ines/course-stâ€¦', 'indices': [77, 100]}, {'url': 'https://t.co/HTBQFwvfOW', 'expanded_url': 'https://twitter.com/i/web/status/1234963392621948928', 'display_url': 'twitter.com/i/web/status/1â€¦', 'indices': [117, 140]}]",,[]
1234491450492149760,"Great #pythontip from @mcbigcz: List multiplication multiply references, not objects.

>>> x = [[], [], [], []]
>>>â€¦ https://t.co/lNgfE2IWrb",2020-03-02 14:51:12,9,26,"[{'url': 'https://t.co/lNgfE2IWrb', 'expanded_url': 'https://twitter.com/i/web/status/1234491450492149760', 'display_url': 'twitter.com/i/web/status/1â€¦', 'indices': [135, 158]}]",,"[{'text': 'pythontip', 'indices': [6, 16]}]"
1234224117160857604,"Enable interactive features of #matplotlib plots in #jupyter notebook by adding 

%matplotlib widgetâ€¦ https://t.co/iWf11nSg61",2020-03-01 21:08:54,42,168,"[{'url': 'https://t.co/iWf11nSg61', 'expanded_url': 'https://twitter.com/i/web/status/1234224117160857604', 'display_url': 'twitter.com/i/web/status/1â€¦', 'indices': [102, 125]}]",,"[{'text': 'matplotlib', 'indices': [31, 42]}, {'text': 'jupyter', 'indices': [52, 60]}]"
1233423222940618755,">>> a = 1
>>> b = 2
>>> a, b = b, a
>>> a
2
>>> b
1

#python #tgif https://t.co/4Q4O70Dll0",2020-02-28 16:06:26,34,111,[],"[{'id': 1233423062219067393, 'id_str': '1233423062219067393', 'indices': [112, 135], 'media_url': 'http://pbs.twimg.com/media/ER3_vXlXkAEmf42.jpg', 'media_url_https': 'https://pbs.twimg.com/media/ER3_vXlXkAEmf42.jpg', 'url': 'https://t.co/4Q4O70Dll0', 'display_url': 'pic.twitter.com/4Q4O70Dll0', 'expanded_url': 'https://twitter.com/python_tip/status/1233423222940618755/photo/1', 'type': 'photo', 'sizes': {'thumb': {'w': 150, 'h': 150, 'resize': 'crop'}, 'medium': {'w': 300, 'h': 350, 'resize': 'fit'}, 'small': {'w': 300, 'h': 350, 'resize': 'fit'}, 'large': {'w': 300, 'h': 350, 'resize': 'fit'}}}]","[{'text': 'python', 'indices': [98, 105]}, {'text': 'tgif', 'indices': [106, 111]}]"
1232775052267065345,"D-Tale: visualize #pandas datastructures both in #jupyter notebook and #python terminal

https://t.co/iLq7cHAlYe

Dâ€¦ https://t.co/sMkrxrYlNd",2020-02-26 21:10:50,22,39,"[{'url': 'https://t.co/iLq7cHAlYe', 'expanded_url': 'https://github.com/man-group/dtale', 'display_url': 'github.com/man-group/dtale', 'indices': [89, 112]}, {'url': 'https://t.co/sMkrxrYlNd', 'expanded_url': 'https://twitter.com/i/web/status/1232775052267065345', 'display_url': 'twitter.com/i/web/status/1â€¦', 'indices': [117, 140]}]",,"[{'text': 'pandas', 'indices': [18, 25]}, {'text': 'jupyter', 'indices': [49, 57]}, {'text': 'python', 'indices': [71, 78]}]"
1232398937962749954,"Create blogposts directly from #jupyter notebook with #fastpages.
https://t.co/pPtum3uUoC

(tip by @HamelHusain)",2020-02-25 20:16:18,12,44,"[{'url': 'https://t.co/pPtum3uUoC', 'expanded_url': 'https://fastpages.fast.ai/fastpages/jupyter/2020/02/21/introducing-fastpages.html', 'display_url': 'fastpages.fast.ai/fastpages/jupyâ€¦', 'indices': [66, 89]}]",,"[{'text': 'jupyter', 'indices': [31, 39]}, {'text': 'fastpages', 'indices': [54, 64]}]"
1232062185586798593,"Calculate memory used by a #pandas dataframe:

df.memory_usage(deep=True).sum()",2020-02-24 21:58:10,33,94,[],,"[{'text': 'pandas', 'indices': [27, 34]}]"
1231725159297536012,"Do you want to do yourself a favor? Learn how to use #PDB debugger.

For Jupyter notebooks, it is easy. If you getâ€¦ https://t.co/Kl5Ku3fihS",2020-02-23 23:38:56,61,223,"[{'url': 'https://t.co/Kl5Ku3fihS', 'expanded_url': 'https://twitter.com/i/web/status/1231725159297536012', 'display_url': 'twitter.com/i/web/status/1â€¦', 'indices': [116, 139]}]",,"[{'text': 'PDB', 'indices': [53, 57]}]"
1230590987615002624,"With #pandas (>=0.19.2), you can read the table directly from URL:

Example:
>>> import pandas as pd
>>> reviews =â€¦ https://t.co/LG0sTR1Utx",2020-02-20 20:32:09,16,50,"[{'url': 'https://t.co/LG0sTR1Utx', 'expanded_url': 'https://twitter.com/i/web/status/1230590987615002624', 'display_url': 'twitter.com/i/web/status/1â€¦', 'indices': [137, 160]}]",,"[{'text': 'pandas', 'indices': [5, 12]}]"
1230376812070522883,"In the dark corners of scipy.misc, there is a staircase, an electrocardiogram and a raccoon!â€¦ https://t.co/6Hp7yyhaMd",2020-02-20 06:21:05,7,25,"[{'url': 'https://t.co/6Hp7yyhaMd', 'expanded_url': 'https://twitter.com/i/web/status/1230376812070522883', 'display_url': 'twitter.com/i/web/status/1â€¦', 'indices': [94, 117]}]",,[]
1229869917538836482,"#Pendulum = Python dates made easy

https://t.co/ZyFwEmYu2u https://t.co/AXX2M385Ex",2020-02-18 20:46:52,27,121,"[{'url': 'https://t.co/ZyFwEmYu2u', 'expanded_url': 'https://pendulum.eustace.io/', 'display_url': 'pendulum.eustace.io', 'indices': [36, 59]}]","[{'id': 1229869834139291649, 'id_str': '1229869834139291649', 'indices': [60, 83], 'media_url': 'http://pbs.twimg.com/media/ERFgGRfXUAEJxTj.png', 'media_url_https': 'https://pbs.twimg.com/media/ERFgGRfXUAEJxTj.png', 'url': 'https://t.co/AXX2M385Ex', 'display_url': 'pic.twitter.com/AXX2M385Ex', 'expanded_url': 'https://twitter.com/python_tip/status/1229869917538836482/photo/1', 'type': 'photo', 'sizes': {'medium': {'w': 437, 'h': 554, 'resize': 'fit'}, 'small': {'w': 437, 'h': 554, 'resize': 'fit'}, 'thumb': {'w': 150, 'h': 150, 'resize': 'crop'}, 'large': {'w': 437, 'h': 554, 'resize': 'fit'}}}]","[{'text': 'Pendulum', 'indices': [0, 9]}]"
1229540004801720320,"#NumPy has many function ignoring NaN values (the list is ðŸ‘‡ðŸ‘‡ðŸ‘‡)

>>> import numpy as np
>>> 
>>> np.nanvar([1,2,3])â€¦ https://t.co/RiiYJSCICl",2020-02-17 22:55:55,19,40,"[{'url': 'https://t.co/RiiYJSCICl', 'expanded_url': 'https://twitter.com/i/web/status/1229540004801720320', 'display_url': 'twitter.com/i/web/status/1â€¦', 'indices': [143, 166]}]",,"[{'text': 'NumPy', 'indices': [0, 6]}]"
1228308951734915073,"Get last n lines of a file:

from collections import deque

def tail(filename, n=10):
    with open(filename) as f:â€¦ https://t.co/1KFhHVyfcq",2020-02-14 13:24:09,25,109,"[{'url': 'https://t.co/1KFhHVyfcq', 'expanded_url': 'https://twitter.com/i/web/status/1228308951734915073', 'display_url': 'twitter.com/i/web/status/1â€¦', 'indices': [117, 140]}]",,[]
1228009811637346305,"pandas.DataFrame.append() and pandas.concat() can raise error if creating index with duplicates:

>>> df1.append(dfâ€¦ https://t.co/5J472hJtBd",2020-02-13 17:35:29,14,35,"[{'url': 'https://t.co/5J472hJtBd', 'expanded_url': 'https://twitter.com/i/web/status/1228009811637346305', 'display_url': 'twitter.com/i/web/status/1â€¦', 'indices': [126, 149]}]",,[]
1227714128585818113,"np.set_printoptions(suppress=False) may be your friend:

>>> import numpy as np
>>> x = np.array([0.000015, 0.001,â€¦ https://t.co/DzUdi9vrIY",2020-02-12 22:00:32,10,44,"[{'url': 'https://t.co/DzUdi9vrIY', 'expanded_url': 'https://twitter.com/i/web/status/1227714128585818113', 'display_url': 'twitter.com/i/web/status/1â€¦', 'indices': [134, 157]}]",,[]
1227176404728586240,"Get number of Null values in a #pandas dataframe:

df.isnull().sum() (column wise)

df.isnull().sum(axis=1) (row wise)

#python",2020-02-11 10:23:49,10,40,[],,"[{'text': 'pandas', 'indices': [31, 38]}, {'text': 'python', 'indices': [120, 127]}]"
1225679586958172165,"For #numpy arrays with invalid entries, you may use masked arrays:

> import numpy as np, https://t.co/fnCFXcnK15 aâ€¦ https://t.co/dUgpxY8SK4",2020-02-07 07:16:00,14,31,"[{'url': 'https://t.co/fnCFXcnK15', 'expanded_url': 'http://numpy.ma', 'display_url': 'numpy.ma', 'indices': [93, 116]}, {'url': 'https://t.co/dUgpxY8SK4', 'expanded_url': 'https://twitter.com/i/web/status/1225679586958172165', 'display_url': 'twitter.com/i/web/status/1â€¦', 'indices': [120, 143]}]",,"[{'text': 'numpy', 'indices': [4, 10]}]"
1225313173529661440,"Thanks for tagging @python_tip on your tweets. Two recent #pythontip(s):

* @Tiff_callahan told us aboutâ€¦ https://t.co/dxlIZBTOi7",2020-02-06 07:00:00,4,16,"[{'url': 'https://t.co/dxlIZBTOi7', 'expanded_url': 'https://twitter.com/i/web/status/1225313173529661440', 'display_url': 'twitter.com/i/web/status/1â€¦', 'indices': [106, 129]}]",,"[{'text': 'pythontip', 'indices': [58, 68]}]"
1224993292556951553,"@b11c @ilyaschurov This is tricky. 

Docs really listed 69 of them, see https://t.co/aYD1qTPwGe

However, when I trâ€¦ https://t.co/JMl2UaqpbN",2020-02-05 09:48:54,4,9,"[{'url': 'https://t.co/aYD1qTPwGe', 'expanded_url': 'https://docs.python.org/3/library/functions.html', 'display_url': 'docs.python.org/3/library/funcâ€¦', 'indices': [72, 95]}, {'url': 'https://t.co/JMl2UaqpbN', 'expanded_url': 'https://twitter.com/i/web/status/1224993292556951553', 'display_url': 'twitter.com/i/web/status/1â€¦', 'indices': [117, 140]}]",,[]
1224979686368972801,RT @pyconcz: The #CfP for #PyConCZ 2020 is open! Would you like to recommend some #Python #libraries? Submit a talk https://t.co/eGECnfNUbqâ€¦,2020-02-05 08:54:50,5,0,"[{'url': 'https://t.co/eGECnfNUbq', 'expanded_url': 'https://cz.pycon.org/2020/cfp/', 'display_url': 'cz.pycon.org/2020/cfp/', 'indices': [116, 139]}]",,"[{'text': 'CfP', 'indices': [17, 21]}, {'text': 'PyConCZ', 'indices': [26, 34]}, {'text': 'Python', 'indices': [82, 89]}, {'text': 'libraries', 'indices': [90, 100]}]"
1224976238676205568,"There are 69 built-in functions in Python. How many of them can you name?

You might have used `print`, `range` andâ€¦ https://t.co/dRqWrqKmj4",2020-02-05 08:41:08,67,137,"[{'url': 'https://t.co/dRqWrqKmj4', 'expanded_url': 'https://twitter.com/i/web/status/1224976238676205568', 'display_url': 'twitter.com/i/web/status/1â€¦', 'indices': [117, 140]}]",,[]
1224971319076368385,@ilyaschurov Thanks. I am just looking for an appropriate example. Any idea?,2020-02-05 08:21:35,0,0,[],,[]
1224966001009287169,@ilyaschurov You are right. Sorry about that and thanks for the correction. I have googled an example of usage of `â€¦ https://t.co/vtqGjQmSFb,2020-02-05 08:00:28,0,1,"[{'url': 'https://t.co/vtqGjQmSFb', 'expanded_url': 'https://twitter.com/i/web/status/1224966001009287169', 'display_url': 'twitter.com/i/web/status/1â€¦', 'indices': [117, 140]}]",,[]
1224825412141965325,"#pythontip from @piratefache:
Put your live-feed on a map. https://t.co/iWE1uVZY4d https://t.co/1iEU57Dsvr",2020-02-04 22:41:49,6,13,"[{'url': 'https://t.co/iWE1uVZY4d', 'expanded_url': 'https://twitter.com/piratefache/status/1219262295349448704', 'display_url': 'twitter.com/piratefache/stâ€¦', 'indices': [59, 82]}]","[{'id': 1224825404378288128, 'id_str': '1224825404378288128', 'indices': [83, 106], 'media_url': 'http://pbs.twimg.com/media/EP90N0PXkAA1ewi.jpg', 'media_url_https': 'https://pbs.twimg.com/media/EP90N0PXkAA1ewi.jpg', 'url': 'https://t.co/1iEU57Dsvr', 'display_url': 'pic.twitter.com/1iEU57Dsvr', 'expanded_url': 'https://twitter.com/python_tip/status/1224825412141965325/photo/1', 'type': 'photo', 'sizes': {'large': {'w': 2000, 'h': 1083, 'resize': 'fit'}, 'thumb': {'w': 150, 'h': 150, 'resize': 'crop'}, 'medium': {'w': 1200, 'h': 650, 'resize': 'fit'}, 'small': {'w': 680, 'h': 368, 'resize': 'fit'}}}]","[{'text': 'pythontip', 'indices': [0, 10]}]"
1224272518938267649,"With #pandas 1.0.0, the three-value logic arrived to Python:

>>> import numpy as np
>>> import pandas as pd
>>> 
>â€¦ https://t.co/pZVHr7OAOP",2020-02-03 10:04:49,8,31,"[{'url': 'https://t.co/pZVHr7OAOP', 'expanded_url': 'https://twitter.com/i/web/status/1224272518938267649', 'display_url': 'twitter.com/i/web/status/1â€¦', 'indices': [147, 170]}]",,"[{'text': 'pandas', 'indices': [5, 12]}]"
1223930140629008386,"RT @RitzyFraud: @python_tip Wait till you try:

>>> {float('nan') : 1, float('nan'): ""Good night"", float('nan'): ""Bye""}",2020-02-02 11:24:19,5,0,[],,[]
1223345514827128832,"RT @starenka: @python_tip anyways #til there's -a switch for mkvirtualenv (saves the setvirtualenvproject hassle):

mkdir foo_projectdir &amp;&amp;â€¦",2020-01-31 20:41:14,4,0,[],,"[{'text': 'til', 'indices': [34, 38]}]"
1223339059327664128,RT @starenka: @python_tip Life is to short for making venvs for one off scripts (will be destroyed after 'deactivate') https://t.co/AyHNqrrâ€¦,2020-01-31 20:15:34,1,0,[],,[]
1223316767856103424,"pip install that
python -m that

#TGIF https://t.co/JURcKEx08c",2020-01-31 18:47:00,18,55,[],"[{'id': 1222632280314863622, 'id_str': '1222632280314863622', 'indices': [39, 62], 'media_url': 'http://pbs.twimg.com/media/EPeplMcX4AYGCxy.png', 'media_url_https': 'https://pbs.twimg.com/media/EPeplMcX4AYGCxy.png', 'url': 'https://t.co/JURcKEx08c', 'display_url': 'pic.twitter.com/JURcKEx08c', 'expanded_url': 'https://twitter.com/python_tip/status/1223316767856103424/photo/1', 'type': 'photo', 'sizes': {'small': {'w': 680, 'h': 481, 'resize': 'fit'}, 'medium': {'w': 690, 'h': 488, 'resize': 'fit'}, 'large': {'w': 690, 'h': 488, 'resize': 'fit'}, 'thumb': {'w': 150, 'h': 150, 'resize': 'crop'}}}]","[{'text': 'TGIF', 'indices': [33, 38]}]"
1222893478788640768,"#Pandas 1.0 is here! 
Read the release notes, install &amp; enjoy ðŸ¼

https://t.co/z0sj0wk85Z

https://t.co/9Bg4pIG833 https://t.co/Im5lKgbVce",2020-01-30 14:45:00,3,22,"[{'url': 'https://t.co/z0sj0wk85Z', 'expanded_url': 'https://pandas.pydata.org/pandas-docs/version/1.0/whatsnew/v1.0.0.html', 'display_url': 'pandas.pydata.org/pandas-docs/veâ€¦', 'indices': [69, 92]}, {'url': 'https://t.co/9Bg4pIG833', 'expanded_url': 'https://twitter.com/pandas_dev/status/1222856129774018560?s=20', 'display_url': 'twitter.com/pandas_dev/staâ€¦', 'indices': [94, 117]}]","[{'id': 1222888563743674368, 'id_str': '1222888563743674368', 'indices': [118, 141], 'media_url': 'http://pbs.twimg.com/media/EPiSq2nUUAAVRDY.jpg', 'media_url_https': 'https://pbs.twimg.com/media/EPiSq2nUUAAVRDY.jpg', 'url': 'https://t.co/Im5lKgbVce', 'display_url': 'pic.twitter.com/Im5lKgbVce', 'expanded_url': 'https://twitter.com/python_tip/status/1222893478788640768/photo/1', 'type': 'photo', 'sizes': {'small': {'w': 680, 'h': 383, 'resize': 'fit'}, 'thumb': {'w': 150, 'h': 150, 'resize': 'crop'}, 'large': {'w': 1680, 'h': 945, 'resize': 'fit'}, 'medium': {'w': 1200, 'h': 675, 'resize': 'fit'}}}]","[{'text': 'Pandas', 'indices': [0, 7]}]"
1222631812146614275,"Do you call the function repeatedly for the same parameters? functools.lru_cache is your friend.

https://t.co/rthK3jMD2l",2020-01-29 21:25:14,12,42,"[{'url': 'https://t.co/rthK3jMD2l', 'expanded_url': 'https://docs.python.org/3/library/functools.html#functools.lru_cache', 'display_url': 'docs.python.org/3/library/funcâ€¦', 'indices': [98, 121]}]",,[]
1222241601000476673,"You can call different functions with the same arguments based on a condition:

>>> (foo if cond else bar)(5,7)â€¦ https://t.co/6NMIOwpYNw",2020-01-28 19:34:40,10,65,"[{'url': 'https://t.co/6NMIOwpYNw', 'expanded_url': 'https://twitter.com/i/web/status/1222241601000476673', 'display_url': 'twitter.com/i/web/status/1â€¦', 'indices': [122, 145]}]",,[]
1221897262932078593,"Guess what will be the result of the following line:

>>> {True: ""Hello"", 1: ""Good night"", 1.0: ""Bye""}

#wtfpython",2020-01-27 20:46:23,13,84,[],,"[{'text': 'wtfpython', 'indices': [113, 123]}]"
1220602132287459328,Have you written an awesome Python code and you want to share with others on PyPi? (so they can install it with `piâ€¦ https://t.co/X0mUOlpwzM,2020-01-24 07:00:00,9,69,"[{'url': 'https://t.co/X0mUOlpwzM', 'expanded_url': 'https://twitter.com/i/web/status/1220602132287459328', 'display_url': 'twitter.com/i/web/status/1â€¦', 'indices': [117, 140]}]",,[]
1220341487872946176,"@b11c I love the term, â˜• for each improvement. (@JanPipek  already deserved one)",2020-01-23 13:44:18,0,2,[],,[]
1220340678045130757,"@PogrebnyakE Yes, it does. However, as Jan Pipek noted below, better way exists:

https://t.co/nWXkXV5PMW",2020-01-23 13:41:05,0,3,"[{'url': 'https://t.co/nWXkXV5PMW', 'expanded_url': 'https://gist.github.com/janpipek/d9e3cfe471300d40101ad61d744f3286', 'display_url': 'gist.github.com/janpipek/d9e3câ€¦', 'indices': [82, 105]}]",,[]
1220336002457382914,"RT @JanPipek: @python_tip If you have a trivial index, @BiohazZzZard's answer is the best answer. If you have a non-trivial index, you canâ€¦",2020-01-23 13:22:30,2,0,[],,[]
1220244272399691778,Coming to Python from #rstats and miss the `which` function? (=a function giving the TRUE indices of a logical objeâ€¦ https://t.co/hYahMIfWK0,2020-01-23 07:18:00,21,93,"[{'url': 'https://t.co/hYahMIfWK0', 'expanded_url': 'https://twitter.com/i/web/status/1220244272399691778', 'display_url': 'twitter.com/i/web/status/1â€¦', 'indices': [117, 140]}]",,"[{'text': 'rstats', 'indices': [22, 29]}]"
1220076309801570306,@chinesehuazhou @Stribrny @stribny Thanks for the correction and my apology to @stribny.,2020-01-22 20:10:34,0,0,[],,[]
1219877858048270336,Remote execution with #fabrik and how to use it for a deployment on a remote machine by @stribrny:â€¦ https://t.co/LEK65KEsaw,2020-01-22 07:02:00,7,24,"[{'url': 'https://t.co/LEK65KEsaw', 'expanded_url': 'https://twitter.com/i/web/status/1219877858048270336', 'display_url': 'twitter.com/i/web/status/1â€¦', 'indices': [100, 123]}]",,"[{'text': 'fabrik', 'indices': [22, 29]}]"
1219407760477036544,"Old ðŸ§“ but Gold ðŸ†: In #Jupyter notebook, type double question marks to view the source code where a particular functâ€¦ https://t.co/kaOOHvE0aq",2020-01-20 23:54:00,28,124,"[{'url': 'https://t.co/kaOOHvE0aq', 'expanded_url': 'https://twitter.com/i/web/status/1219407760477036544', 'display_url': 'twitter.com/i/web/status/1â€¦', 'indices': [117, 140]}]",,"[{'text': 'Jupyter', 'indices': [21, 29]}]"
1219352662069727232,"@ashuvashu python -m pip install --upgrade --pre pandas==1.0.0rc0

OR

conda install -c conda-forge/label/rc pandas==1.0.0rc0",2020-01-20 20:15:03,0,1,[],,[]
1219149055630217216,"#pandas 1.0.0 is coming, see the NEWS

https://t.co/0i5FiPI84b

I am looking forward to `https://t.co/kKksLTtTy3` sâ€¦ https://t.co/ZH2IebIG3h",2020-01-20 06:46:00,13,63,"[{'url': 'https://t.co/0i5FiPI84b', 'expanded_url': 'https://dev.pandas.io/docs/whatsnew/v1.0.0.html', 'display_url': 'dev.pandas.io/docs/whatsnew/â€¦', 'indices': [39, 62]}, {'url': 'https://t.co/kKksLTtTy3', 'expanded_url': 'http://pd.NA', 'display_url': 'pd.NA', 'indices': [89, 112]}, {'url': 'https://t.co/ZH2IebIG3h', 'expanded_url': 'https://twitter.com/i/web/status/1219149055630217216', 'display_url': 'twitter.com/i/web/status/1â€¦', 'indices': [117, 140]}]",,"[{'text': 'pandas', 'indices': [0, 7]}]"
1218952726618558470,"Add some color to your teminal with colorama. 
https://t.co/HvHBfusFPv
#python https://t.co/3XmS1qg097",2020-01-19 17:45:51,9,38,"[{'url': 'https://t.co/HvHBfusFPv', 'expanded_url': 'https://pypi.org/project/colorama/', 'display_url': 'pypi.org/project/coloraâ€¦', 'indices': [47, 70]}]","[{'id': 1218952651854970885, 'id_str': '1218952651854970885', 'indices': [79, 102], 'media_url': 'http://pbs.twimg.com/media/EOqW-oPWAAU8yHT.png', 'media_url_https': 'https://pbs.twimg.com/media/EOqW-oPWAAU8yHT.png', 'url': 'https://t.co/3XmS1qg097', 'display_url': 'pic.twitter.com/3XmS1qg097', 'expanded_url': 'https://twitter.com/python_tip/status/1218952726618558470/photo/1', 'type': 'photo', 'sizes': {'small': {'w': 661, 'h': 357, 'resize': 'fit'}, 'large': {'w': 661, 'h': 357, 'resize': 'fit'}, 'medium': {'w': 661, 'h': 357, 'resize': 'fit'}, 'thumb': {'w': 150, 'h': 150, 'resize': 'crop'}}}]","[{'text': 'python', 'indices': [71, 78]}]"
1218107811483267072,"#pythontip from @raymondh:
Another interesting use of #python's walrus operator is to compute differences between sâ€¦ https://t.co/zYVGjst086",2020-01-17 09:48:28,27,103,"[{'url': 'https://t.co/zYVGjst086', 'expanded_url': 'https://twitter.com/i/web/status/1218107811483267072', 'display_url': 'twitter.com/i/web/status/1â€¦', 'indices': [117, 140]}]",,"[{'text': 'pythontip', 'indices': [0, 10]}, {'text': 'python', 'indices': [54, 61]}]"
1218106442932277248,"RT @eumiro: @python_tip And for empty sequences:

>>> all([])
True
>>> any([])
False",2020-01-17 09:43:01,4,0,[],,[]
1217728207882981376,"#selfpromo

Ask @PanosAlexiou01 or me (@simecek) if you have any questions. https://t.co/zoKgH7Z50y",2020-01-16 08:40:03,2,5,"[{'url': 'https://t.co/zoKgH7Z50y', 'expanded_url': 'https://twitter.com/simecek/status/1217533886680485889', 'display_url': 'twitter.com/simecek/statusâ€¦', 'indices': [76, 99]}]",,"[{'text': 'selfpromo', 'indices': [0, 10]}]"
1217697058842447872,"any(iterable) returns True if any item is True
all(iterable) returns True if all items are True

>>> lst = [3, 6, 9â€¦ https://t.co/UtwMbcit2S",2020-01-16 06:36:17,18,96,"[{'url': 'https://t.co/UtwMbcit2S', 'expanded_url': 'https://twitter.com/i/web/status/1217697058842447872', 'display_url': 'twitter.com/i/web/status/1â€¦', 'indices': [126, 149]}]",,[]
1217218591231225856,"You can pass a default value to the dict.get method to be returned if the key is not found:

>>> mydict = {'a': 1,â€¦ https://t.co/qOLG4YnZ85",2020-01-14 22:55:01,34,129,"[{'url': 'https://t.co/qOLG4YnZ85', 'expanded_url': 'https://twitter.com/i/web/status/1217218591231225856', 'display_url': 'twitter.com/i/web/status/1â€¦', 'indices': [125, 148]}]",,[]
1216855592452739074,"RT @starenka: @python_tip reverse iterable
'aknerats'[::-1]

ps. for real code just use reversed function",2020-01-13 22:52:35,2,0,[],,[]
1216839743184437248,"Get every n-th item of the list: 

>>> lst =  [1, 2, 3, 4, 5, 6, 7, 8, 9]
>>> n = 3
>>> lst[n - 1::n]
[3, 6, 9]
>>>â€¦ https://t.co/ZcNLkPYvTP",2020-01-13 21:49:37,36,168,"[{'url': 'https://t.co/ZcNLkPYvTP', 'expanded_url': 'https://twitter.com/i/web/status/1216839743184437248', 'display_url': 'twitter.com/i/web/status/1â€¦', 'indices': [153, 176]}]",,[]
1215578861011984386,"To iterate through pairs of DataFrame columns,  you can use `combinations` function from `itertools` module.

Exampâ€¦ https://t.co/pWDdZwwU0t",2020-01-10 10:19:19,20,79,"[{'url': 'https://t.co/pWDdZwwU0t', 'expanded_url': 'https://twitter.com/i/web/status/1215578861011984386', 'display_url': 'twitter.com/i/web/status/1â€¦', 'indices': [117, 140]}]",,[]
1215166312927744000,ast.literal_eval() is a safer way to call eval() since it considers only a small subset of Python's syntax to be vaâ€¦ https://t.co/JQdCbOfUff,2020-01-09 07:00:00,12,30,"[{'url': 'https://t.co/JQdCbOfUff', 'expanded_url': 'https://twitter.com/i/web/status/1215166312927744000', 'display_url': 'twitter.com/i/web/status/1â€¦', 'indices': [117, 140]}]",,[]
1214803924370239488,"For DataFrame df, `df.corr` computes pairwise correlation of columns.

Extra tips:
* If your data contains outliersâ€¦ https://t.co/x79ybh6W7t",2020-01-08 07:00:00,24,96,"[{'url': 'https://t.co/x79ybh6W7t', 'expanded_url': 'https://twitter.com/i/web/status/1214803924370239488', 'display_url': 'twitter.com/i/web/status/1â€¦', 'indices': [117, 140]}]",,[]
1214482990929235968,@leetao94 It is from https://t.co/MwWVMKqs0q,2020-01-07 09:44:43,1,1,"[{'url': 'https://t.co/MwWVMKqs0q', 'expanded_url': 'https://carbon.now.sh/', 'display_url': 'carbon.now.sh', 'indices': [21, 44]}]",,[]
1214441538035617794,"#numpy position functions; for an array `a`
* np.argmax(a) = index of maximum
* np.argmin(a) = index of minimum
* nâ€¦ https://t.co/z8DmGvY2Yc",2020-01-07 07:00:00,23,140,"[{'url': 'https://t.co/z8DmGvY2Yc', 'expanded_url': 'https://twitter.com/i/web/status/1214441538035617794', 'display_url': 'twitter.com/i/web/status/1â€¦', 'indices': [117, 140]}]",,"[{'text': 'numpy', 'indices': [0, 6]}]"
1214079150312452099,"Welcome to a new year, happy 50 years since Unix epoch! #python

>>> from time import time
>>> time() / 365.25 / 24â€¦ https://t.co/SY4Om3gEzz",2020-01-06 07:00:00,16,67,"[{'url': 'https://t.co/SY4Om3gEzz', 'expanded_url': 'https://twitter.com/i/web/status/1214079150312452099', 'display_url': 'twitter.com/i/web/status/1â€¦', 'indices': [135, 158]}]",,"[{'text': 'python', 'indices': [56, 63]}]"
1212855064223768577,"Working with currency? Issues with floating point arithmetics? Use decimal.

>>> x = 0.1*3
>>> x == 0.3
False
>>> fâ€¦ https://t.co/rIskxd68qz",2020-01-02 21:55:55,23,139,"[{'url': 'https://t.co/rIskxd68qz', 'expanded_url': 'https://twitter.com/i/web/status/1212855064223768577', 'display_url': 'twitter.com/i/web/status/1â€¦', 'indices': [144, 167]}]",,[]
1212421969704095744,"Say goodbye to #python 2.7. 

https://t.co/ZaI4tm8h9d",2020-01-01 17:14:57,32,57,"[{'url': 'https://t.co/ZaI4tm8h9d', 'expanded_url': 'https://pythonclock.org/', 'display_url': 'pythonclock.org', 'indices': [30, 53]}]",,"[{'text': 'python', 'indices': [15, 22]}]"
1210455270784024576,"a.all() vs. np.all(a) vs. all(a)

If `a` is np.array, then np.all/a.all is faster then a python bulit-in `all` funcâ€¦ https://t.co/IDVadvnb1L",2019-12-27 07:00:00,21,69,"[{'url': 'https://t.co/IDVadvnb1L', 'expanded_url': 'https://twitter.com/i/web/status/1210455270784024576', 'display_url': 'twitter.com/i/web/status/1â€¦', 'indices': [117, 140]}]",,[]
1210336206329974785,Another tool useful for Jupyter Notebooks: Recycle useful parts of your notebook with #importnb package.â€¦ https://t.co/oC3XbMaFX9,2019-12-26 23:06:53,16,95,"[{'url': 'https://t.co/oC3XbMaFX9', 'expanded_url': 'https://twitter.com/i/web/status/1210336206329974785', 'display_url': 'twitter.com/i/web/status/1â€¦', 'indices': [106, 129]}]",,"[{'text': 'importnb', 'indices': [86, 95]}]"
1209245191430975488,"The Norway Problem and the differences between YAML parsers

https://t.co/2MwdFLrY40

#pyyaml #strictyaml #ruamel https://t.co/2NgV9ZLg8H",2019-12-23 22:51:34,23,81,"[{'url': 'https://t.co/2MwdFLrY40', 'expanded_url': 'https://hitchdev.com/strictyaml/why/implicit-typing-removed/', 'display_url': 'hitchdev.com/strictyaml/whyâ€¦', 'indices': [61, 84]}]","[{'id': 1209245085021491202, 'id_str': '1209245085021491202', 'indices': [114, 137], 'media_url': 'http://pbs.twimg.com/media/EMgZ_3sX0AIRzJ-.png', 'media_url_https': 'https://pbs.twimg.com/media/EMgZ_3sX0AIRzJ-.png', 'url': 'https://t.co/2NgV9ZLg8H', 'display_url': 'pic.twitter.com/2NgV9ZLg8H', 'expanded_url': 'https://twitter.com/python_tip/status/1209245191430975488/photo/1', 'type': 'photo', 'sizes': {'small': {'w': 348, 'h': 318, 'resize': 'fit'}, 'large': {'w': 348, 'h': 318, 'resize': 'fit'}, 'medium': {'w': 348, 'h': 318, 'resize': 'fit'}, 'thumb': {'w': 150, 'h': 150, 'resize': 'crop'}}}]","[{'text': 'pyyaml', 'indices': [86, 93]}, {'text': 'strictyaml', 'indices': [94, 105]}, {'text': 'ruamel', 'indices': [106, 113]}]"
1208860479986315264,"Working with #fractions? Explore the fractions module:

>>> from fractions import Fraction as frac
>>> print(frac(3â€¦ https://t.co/EYuCzj5fV8",2019-12-22 21:22:52,12,77,"[{'url': 'https://t.co/EYuCzj5fV8', 'expanded_url': 'https://twitter.com/i/web/status/1208860479986315264', 'display_url': 'twitter.com/i/web/status/1â€¦', 'indices': [135, 158]}]",,"[{'text': 'fractions', 'indices': [13, 23]}]"
1208006114597638144,"Get information about the underlying system with the platform module:

>>> import platform
>>> platform.architecturâ€¦ https://t.co/QDoecFbZy8",2019-12-20 12:47:56,29,126,"[{'url': 'https://t.co/QDoecFbZy8', 'expanded_url': 'https://twitter.com/i/web/status/1208006114597638144', 'display_url': 'twitter.com/i/web/status/1â€¦', 'indices': [135, 158]}]",,[]
1207578845890699264,"#pathlib Path.stat().st_size prints size of the file in bytes

https://t.co/PjvTXRNciN https://t.co/OIgpXxS0I9",2019-12-19 08:30:07,14,64,"[{'url': 'https://t.co/PjvTXRNciN', 'expanded_url': 'https://docs.python.org/3/library/pathlib.html#pathlib.Path.stat', 'display_url': 'docs.python.org/3/library/pathâ€¦', 'indices': [63, 86]}]","[{'id': 1207578817134505984, 'id_str': '1207578817134505984', 'indices': [87, 110], 'media_url': 'http://pbs.twimg.com/media/EMIuiUGWsAAU5MY.png', 'media_url_https': 'https://pbs.twimg.com/media/EMIuiUGWsAAU5MY.png', 'url': 'https://t.co/OIgpXxS0I9', 'display_url': 'pic.twitter.com/OIgpXxS0I9', 'expanded_url': 'https://twitter.com/python_tip/status/1207578845890699264/photo/1', 'type': 'photo', 'sizes': {'large': {'w': 698, 'h': 288, 'resize': 'fit'}, 'small': {'w': 680, 'h': 281, 'resize': 'fit'}, 'medium': {'w': 698, 'h': 288, 'resize': 'fit'}, 'thumb': {'w': 150, 'h': 150, 'resize': 'crop'}}}]","[{'text': 'pathlib', 'indices': [0, 8]}]"
1206963913084018689,">>> ""a""*10
'aaaaaaaaaa'
>>> [""a""]*10
['a', 'a', 'a', 'a', 'a', 'a', 'a', 'a', 'a', 'a']

#python",2019-12-17 15:46:35,29,216,[],,"[{'text': 'python', 'indices': [107, 114]}]"
1206597167982489603,"Do you need some hints for using #pandas? Dovpanda is your friend.
https://t.co/HPrPtZJTjk https://t.co/Ri5v0LbS6a",2019-12-16 15:29:16,20,99,"[{'url': 'https://t.co/HPrPtZJTjk', 'expanded_url': 'https://github.com/dovpanda-dev/dovpanda', 'display_url': 'github.com/dovpanda-dev/dâ€¦', 'indices': [67, 90]}]","[{'id': 1206597079939854348, 'id_str': '1206597079939854348', 'indices': [91, 114], 'media_url': 'http://pbs.twimg.com/media/EL6xpsDWsAwR3fg.png', 'media_url_https': 'https://pbs.twimg.com/media/EL6xpsDWsAwR3fg.png', 'url': 'https://t.co/Ri5v0LbS6a', 'display_url': 'pic.twitter.com/Ri5v0LbS6a', 'expanded_url': 'https://twitter.com/python_tip/status/1206597167982489603/photo/1', 'type': 'photo', 'sizes': {'large': {'w': 839, 'h': 527, 'resize': 'fit'}, 'thumb': {'w': 150, 'h': 150, 'resize': 'crop'}, 'medium': {'w': 839, 'h': 527, 'resize': 'fit'}, 'small': {'w': 680, 'h': 427, 'resize': 'fit'}}}]","[{'text': 'pandas', 'indices': [33, 40]}]"
1206344010027208705,The Python visualization world can be sometimes a frustrating place. It helps if you understand basic building blocâ€¦ https://t.co/GNJcRhChmU,2019-12-15 22:43:19,37,183,"[{'url': 'https://t.co/GNJcRhChmU', 'expanded_url': 'https://twitter.com/i/web/status/1206344010027208705', 'display_url': 'twitter.com/i/web/status/1â€¦', 'indices': [117, 140]}]",,[]
1205019452145725442,Sometimes it is handy to get R functionality in Python (through #r2py) or Python functionality in R (throughâ€¦ https://t.co/vw6trlyoRd,2019-12-12 07:00:00,9,45,"[{'url': 'https://t.co/vw6trlyoRd', 'expanded_url': 'https://twitter.com/i/web/status/1205019452145725442', 'display_url': 'twitter.com/i/web/status/1â€¦', 'indices': [110, 133]}]",,"[{'text': 'r2py', 'indices': [64, 69]}]"
1204755168216145920,"Also, thanks @mzeeqazi for a correction of a mistake in the first version of this tweet.",2019-12-11 13:29:50,1,5,[],,[]
1204655327167299584,"x += a is not always the same as x = x + a

>>> x = y = [1] 
>>> x += [2]
>>> x, y   # return ([1, 2], [1, 2])
>>>â€¦ https://t.co/d2bRpEgV69",2019-12-11 06:53:06,30,118,"[{'url': 'https://t.co/d2bRpEgV69', 'expanded_url': 'https://twitter.com/i/web/status/1204655327167299584', 'display_url': 'twitter.com/i/web/status/1â€¦', 'indices': [152, 175]}]",,[]
1204654446053072897,"@mzeeqazi Thanks. A stupid mistake. The fourth line should be 

 x = x + [3]",2019-12-11 06:49:35,0,1,[],,[]
1204473081311453185,"#pythontip by @thisPtr

Check if the value exists in a DataFrame

https://t.co/cahPBeepW5",2019-12-10 18:48:55,2,9,"[{'url': 'https://t.co/cahPBeepW5', 'expanded_url': 'https://thispointer.com/pandas-check-if-a-value-exists-in-a-dataframe-using-in-not-in-operator-isin/', 'display_url': 'thispointer.com/pandas-check-iâ€¦', 'indices': [66, 89]}]",,"[{'text': 'pythontip', 'indices': [0, 10]}]"
1203932288599429121,"nbdev: using Jupyter notebooks for package development, testing and continuous integration

https://t.co/kTkCX2eVb2",2019-12-09 07:00:00,16,48,"[{'url': 'https://t.co/kTkCX2eVb2', 'expanded_url': 'https://www.fast.ai/2019/12/02/nbdev/', 'display_url': 'fast.ai/2019/12/02/nbdâ€¦', 'indices': [92, 115]}]",,[]
1202978726495084546,"Need some fake data? Faker package will generate them for you.

https://t.co/5lrlbHLu4B

#python",2019-12-06 15:50:53,32,108,"[{'url': 'https://t.co/5lrlbHLu4B', 'expanded_url': 'https://pypi.org/project/Faker/', 'display_url': 'pypi.org/project/Faker/', 'indices': [64, 87]}]",,"[{'text': 'python', 'indices': [89, 96]}]"
1202698590591864840,"Everything you never knew you wanted to know about #decorators by @radekosmulski 

https://t.co/VrMDwbmI4Q

#python",2019-12-05 21:17:43,11,46,"[{'url': 'https://t.co/VrMDwbmI4Q', 'expanded_url': 'https://github.com/radekosmulski/python_musings/blob/master/03_decorate_me_a_river.ipynb', 'display_url': 'github.com/radekosmulski/â€¦', 'indices': [83, 106]}]",,"[{'text': 'decorators', 'indices': [51, 62]}, {'text': 'python', 'indices': [108, 115]}]"
1202260895260446720,"Use np.isnan(), pd.isna() or math.isnan() to check for nan values:

>>> np.nan == np.nan
False
>>> np.nan is math.nâ€¦ https://t.co/eujLPqRixZ",2019-12-04 16:18:29,20,57,"[{'url': 'https://t.co/eujLPqRixZ', 'expanded_url': 'https://twitter.com/i/web/status/1202260895260446720', 'display_url': 'twitter.com/i/web/status/1â€¦', 'indices': [135, 158]}]",,[]
1202144769448857600,"Need to track #jupyter notebooks changes or add comments? Try ReviewNB - an app for #github

https://t.co/eo2FV5HtGR",2019-12-04 08:37:02,14,48,"[{'url': 'https://t.co/eo2FV5HtGR', 'expanded_url': 'https://www.reviewnb.com/', 'display_url': 'reviewnb.com', 'indices': [93, 116]}]",,"[{'text': 'jupyter', 'indices': [14, 22]}, {'text': 'github', 'indices': [84, 91]}]"
1201588308012412929,Advent of Code is here.  https://t.co/zsD8WkViEx Happy coding!,2019-12-02 19:45:51,13,46,"[{'url': 'https://t.co/zsD8WkViEx', 'expanded_url': 'https://adventofcode.com/', 'display_url': 'adventofcode.com', 'indices': [25, 48]}]",,[]
1201126011942965248,"Do you run long, time-demanding calculations in Jupyter Notebook?

With `jupyter-notify` extension, you will get aâ€¦ https://t.co/L0YKbZkPwI",2019-12-01 13:08:51,100,406,"[{'url': 'https://t.co/L0YKbZkPwI', 'expanded_url': 'https://twitter.com/i/web/status/1201126011942965248', 'display_url': 'twitter.com/i/web/status/1â€¦', 'indices': [116, 139]}]",,[]
1200170306989674497,"To our US followers:

>>> from cowsay import turkey
>>> turkey('Happy Thanksgiving!')

(inspired by @RLangTip)â€¦ https://t.co/IrowWFrRvw",2019-11-28 21:51:13,5,37,"[{'url': 'https://t.co/IrowWFrRvw', 'expanded_url': 'https://twitter.com/i/web/status/1200170306989674497', 'display_url': 'twitter.com/i/web/status/1â€¦', 'indices': [130, 153]}]",,[]
1199803453184315393,"#pythontip by @justmarkham: Three easy ways to rearrange the columns in your DataFrame ðŸ‘‡ðŸ‘‡

(Do you have a Python tiâ€¦ https://t.co/N82Y9CP6j8",2019-11-27 21:33:29,2,30,"[{'url': 'https://t.co/N82Y9CP6j8', 'expanded_url': 'https://twitter.com/i/web/status/1199803453184315393', 'display_url': 'twitter.com/i/web/status/1â€¦', 'indices': [117, 140]}]",,"[{'text': 'pythontip', 'indices': [0, 10]}]"
1199438984381915137,"ADTK = new Python library for time series anomaly detection

https://t.co/IwpYyNEuGP

(from the same group `tsaug`â€¦ https://t.co/wa8ig3EqsK",2019-11-26 21:25:13,39,157,"[{'url': 'https://t.co/IwpYyNEuGP', 'expanded_url': 'https://github.com/arundo/adtk', 'display_url': 'github.com/arundo/adtk', 'indices': [61, 84]}, {'url': 'https://t.co/wa8ig3EqsK', 'expanded_url': 'https://twitter.com/i/web/status/1199438984381915137', 'display_url': 'twitter.com/i/web/status/1â€¦', 'indices': [116, 139]}]",,[]
1198747702953234433,"If you want to get multiple items from a dictionary, you might either use a list comprehension

>>> [mydict[x] forâ€¦ https://t.co/7GEeI6u4EE",2019-11-24 23:38:18,29,124,"[{'url': 'https://t.co/7GEeI6u4EE', 'expanded_url': 'https://twitter.com/i/web/status/1198747702953234433', 'display_url': 'twitter.com/i/web/status/1â€¦', 'indices': [125, 148]}]",,[]
1198011173293248512,"In #python 3.8, we have a prod() function:

>>> import math
>>> p = [0.2, 0.1, 0.3]
>>> https://t.co/sLCVht7XMh(p)â€¦ https://t.co/vpwNpxTG4q",2019-11-22 22:51:36,12,53,"[{'url': 'https://t.co/sLCVht7XMh', 'expanded_url': 'http://math.prod', 'display_url': 'math.prod', 'indices': [115, 138]}, {'url': 'https://t.co/vpwNpxTG4q', 'expanded_url': 'https://twitter.com/i/web/status/1198011173293248512', 'display_url': 'twitter.com/i/web/status/1â€¦', 'indices': [143, 166]}]",,"[{'text': 'python', 'indices': [3, 10]}]"
1197841692138835969,"RT @PyTorch: To help developers get started with PyTorch, weâ€™re making the 'Deep Learning with PyTorch' book, written by Luca Antiga and Elâ€¦",2019-11-22 11:38:08,1046,0,[],,[]
1197551348457320448,">>> x, *y, z = 0, 1, 2, 3, 4, 5
>>> x
0
>>> y
[1, 2, 3, 4]
>>> z
5

#python",2019-11-21 16:24:25,26,178,[],,"[{'text': 'python', 'indices': [104, 111]}]"
1197274885380288513,"In #python3_8, f-strings support the = specifier:

>>> a = 42
>>> f""{a=}""
'a=42'
>>> f""{a/7=}""
'a/7=6.0'",2019-11-20 22:05:51,26,120,[],,"[{'text': 'python3_8', 'indices': [3, 13]}]"
1196899426100490250,"IPython ? magic accepts wildcards:

?np.*close*

np.allclose
np.isclose
np.real_if_close

#ipython #jupyter",2019-11-19 21:13:55,7,56,[],,"[{'text': 'ipython', 'indices': [90, 98]}, {'text': 'jupyter', 'indices': [99, 107]}]"
1196529487934115841,"Recursive folder globbing is easy in #python3

imgs = glob.glob('/path/**/*.png')
or 
imgs = pathlib.Path('/path').â€¦ https://t.co/34OKUS7jWk",2019-11-18 20:43:55,20,89,"[{'url': 'https://t.co/34OKUS7jWk', 'expanded_url': 'https://twitter.com/i/web/status/1196529487934115841', 'display_url': 'twitter.com/i/web/status/1â€¦', 'indices': [117, 140]}]",,"[{'text': 'python3', 'indices': [37, 45]}]"
1195379871574372359,@justmarkham Thank you for sharing such nice tricks.,2019-11-15 16:35:45,1,2,[],,[]
1195126249368240128,"#pandas Three ways to convert one set of values to another ðŸ‘‡

See other 84 @justmarkham's pandas tricks atâ€¦ https://t.co/2VeUSljH5Z",2019-11-14 23:47:56,14,85,"[{'url': 'https://t.co/2VeUSljH5Z', 'expanded_url': 'https://twitter.com/i/web/status/1195126249368240128', 'display_url': 'twitter.com/i/web/status/1â€¦', 'indices': [108, 131]}]",,"[{'text': 'pandas', 'indices': [0, 7]}]"
1194876115157803009,"#pythontip from @RaphaelVallat to researchers:

Use #Pandas to create a ready-to-publish table by combining groupbyâ€¦ https://t.co/OmNngIJ6Kb",2019-11-14 07:14:00,8,57,"[{'url': 'https://t.co/OmNngIJ6Kb', 'expanded_url': 'https://twitter.com/i/web/status/1194876115157803009', 'display_url': 'twitter.com/i/web/status/1â€¦', 'indices': [117, 140]}]",,"[{'text': 'pythontip', 'indices': [0, 10]}, {'text': 'Pandas', 'indices': [52, 59]}]"
1194542119270199296,"VS Code now supports editing and running Jupyter notebooks

https://t.co/X1IRIzJAhw

Honestly, I still did not switâ€¦ https://t.co/Ne8jrbBoEx",2019-11-13 09:06:49,21,111,"[{'url': 'https://t.co/X1IRIzJAhw', 'expanded_url': 'https://towardsdatascience.com/jupyter-notebook-in-visual-studio-code-3fc21a36fe43', 'display_url': 'towardsdatascience.com/jupyter-noteboâ€¦', 'indices': [60, 83]}, {'url': 'https://t.co/Ne8jrbBoEx', 'expanded_url': 'https://twitter.com/i/web/status/1194542119270199296', 'display_url': 'twitter.com/i/web/status/1â€¦', 'indices': [117, 140]}]",,[]
1194150584384815106,"Easy way to get stock market prices (and others economic data):

>>> from pandas_datareader import data as wb
>>>â€¦ https://t.co/YsRuiGqjOE",2019-11-12 07:11:00,19,136,"[{'url': 'https://t.co/YsRuiGqjOE', 'expanded_url': 'https://twitter.com/i/web/status/1194150584384815106', 'display_url': 'twitter.com/i/web/status/1â€¦', 'indices': [133, 156]}]",,[]
1193886376497946625,"Be aware that `numpy.isin(a, b)` can return a wrong result if `b` is set: 

import numpy as np

a = np.array([[0, 2â€¦ https://t.co/CnEFJ4OMy8",2019-11-11 13:41:08,7,40,"[{'url': 'https://t.co/CnEFJ4OMy8', 'expanded_url': 'https://twitter.com/i/web/status/1193886376497946625', 'display_url': 'twitter.com/i/web/status/1â€¦', 'indices': [117, 140]}]",,[]
1192938647588409349,"With the walrus operator

while True:
    line = fp.readline()
    if not line:
        break
    do_something(lineâ€¦ https://t.co/P8Ru4jtG1W",2019-11-08 22:55:11,67,286,"[{'url': 'https://t.co/P8Ru4jtG1W', 'expanded_url': 'https://twitter.com/i/web/status/1192938647588409349', 'display_url': 'twitter.com/i/web/status/1â€¦', 'indices': [117, 140]}]",,[]
1192432262123360258,"Weird things you can, but probably shouldn't do in #Python by @ThoughtWill 

https://t.co/B4y7PAnw3Z https://t.co/rLNLBWqqzn",2019-11-07 13:23:00,8,33,"[{'url': 'https://t.co/B4y7PAnw3Z', 'expanded_url': 'https://thoughts.willcipriano.com/weird-python-tricks/', 'display_url': 'thoughts.willcipriano.com/weird-python-tâ€¦', 'indices': [77, 100]}]","[{'id': 1192064986283225088, 'id_str': '1192064986283225088', 'indices': [101, 124], 'media_url': 'http://pbs.twimg.com/tweet_video_thumb/EIsQygiXsAA6aGw.jpg', 'media_url_https': 'https://pbs.twimg.com/tweet_video_thumb/EIsQygiXsAA6aGw.jpg', 'url': 'https://t.co/rLNLBWqqzn', 'display_url': 'pic.twitter.com/rLNLBWqqzn', 'expanded_url': 'https://twitter.com/python_tip/status/1192432262123360258/photo/1', 'type': 'photo', 'sizes': {'thumb': {'w': 150, 'h': 150, 'resize': 'crop'}, 'small': {'w': 680, 'h': 323, 'resize': 'fit'}, 'medium': {'w': 856, 'h': 406, 'resize': 'fit'}, 'large': {'w': 856, 'h': 406, 'resize': 'fit'}}}]","[{'text': 'Python', 'indices': [51, 58]}]"
1192214829257363458,"Use beautiful_date when need to create date/datetime objects in a simple way.

pip install beautiful-date

from beaâ€¦ https://t.co/t6QtlweElL",2019-11-06 22:59:00,16,80,"[{'url': 'https://t.co/t6QtlweElL', 'expanded_url': 'https://twitter.com/i/web/status/1192214829257363458', 'display_url': 'twitter.com/i/web/status/1â€¦', 'indices': [117, 140]}]",,[]
1192055718075088897,"Do you need to extract tables from a pdf document? Try camelot.
>>> import camelot
>>> tables =â€¦ https://t.co/qdNPMLL2Gu",2019-11-06 12:26:45,67,257,"[{'url': 'https://t.co/qdNPMLL2Gu', 'expanded_url': 'https://twitter.com/i/web/status/1192055718075088897', 'display_url': 'twitter.com/i/web/status/1â€¦', 'indices': [115, 138]}]",,[]
1191627500042018819,If you are using #matplotlib publish your visualizations and tutorials on Matplotblog. https://t.co/bei4rHdmwf https://t.co/Bu4hCxvSL5,2019-11-05 08:05:10,11,50,"[{'url': 'https://t.co/bei4rHdmwf', 'expanded_url': 'https://matplotlib.org/matplotblog/posts/how-to-contribute/', 'display_url': 'matplotlib.org/matplotblog/poâ€¦', 'indices': [87, 110]}, {'url': 'https://t.co/Bu4hCxvSL5', 'expanded_url': 'https://twitter.com/matplotlib/status/1191464007988908032', 'display_url': 'twitter.com/matplotlib/staâ€¦', 'indices': [111, 134]}]",,"[{'text': 'matplotlib', 'indices': [17, 28]}]"
1190407280111628288,"Data-to-Viz will help you to choose the visualization for your data. It provides the code to reproduce the graph, nâ€¦ https://t.co/xyCXXW7l6d",2019-11-01 23:16:26,66,216,"[{'url': 'https://t.co/xyCXXW7l6d', 'expanded_url': 'https://twitter.com/i/web/status/1190407280111628288', 'display_url': 'twitter.com/i/web/status/1â€¦', 'indices': [117, 140]}]",,[]
1189948394841759744,Happy Halloween! Wanna create something spooky? Learn how to turn any image into a pencil sketchâ€¦ https://t.co/LFQgZNfqTo,2019-10-31 16:53:00,5,18,"[{'url': 'https://t.co/LFQgZNfqTo', 'expanded_url': 'https://twitter.com/i/web/status/1189948394841759744', 'display_url': 'twitter.com/i/web/status/1â€¦', 'indices': [98, 121]}]",,[]
1189308037040934914,"#pythontip by @ori75660:

Sending emails with Python, incl.
- Setting dummy SMTP server
- HTML content, attachmentsâ€¦ https://t.co/Y2JQJpQWaE",2019-10-29 22:28:26,11,66,"[{'url': 'https://t.co/Y2JQJpQWaE', 'expanded_url': 'https://twitter.com/i/web/status/1189308037040934914', 'display_url': 'twitter.com/i/web/status/1â€¦', 'indices': [117, 140]}]",,"[{'text': 'pythontip', 'indices': [0, 10]}]"
1189072624372125696,"Chip Huyen (@chipro) 'python-is-cool' collection of tips

https://t.co/ZxAR72A8eG https://t.co/eCMX5JqZt6",2019-10-29 06:53:00,39,162,"[{'url': 'https://t.co/ZxAR72A8eG', 'expanded_url': 'https://github.com/chiphuyen/python-is-cool', 'display_url': 'github.com/chiphuyen/pythâ€¦', 'indices': [58, 81]}]","[{'id': 1187889904761610240, 'id_str': '1187889904761610240', 'indices': [82, 105], 'media_url': 'http://pbs.twimg.com/media/EHw7kx2WoAAo2W5.png', 'media_url_https': 'https://pbs.twimg.com/media/EHw7kx2WoAAo2W5.png', 'url': 'https://t.co/eCMX5JqZt6', 'display_url': 'pic.twitter.com/eCMX5JqZt6', 'expanded_url': 'https://twitter.com/python_tip/status/1189072624372125696/photo/1', 'type': 'photo', 'sizes': {'small': {'w': 358, 'h': 253, 'resize': 'fit'}, 'large': {'w': 358, 'h': 253, 'resize': 'fit'}, 'medium': {'w': 358, 'h': 253, 'resize': 'fit'}, 'thumb': {'w': 150, 'h': 150, 'resize': 'crop'}}}]",[]
1188711999259037696,"Imagine you have got a custom class `MyClass` with __add__ (or similar) method. 

Then MyClass(4)+1 works fine butâ€¦ https://t.co/yEGRVx5INi",2019-10-28 07:00:00,8,77,"[{'url': 'https://t.co/yEGRVx5INi', 'expanded_url': 'https://twitter.com/i/web/status/1188711999259037696', 'display_url': 'twitter.com/i/web/status/1â€¦', 'indices': [116, 139]}]",,[]
1187870871253389313,"Get the count of unique items in a #pandas series:
 
df['embarked'].value_counts(dropna=False)

S      914
C      2â€¦ https://t.co/SHrR14ip0z",2019-10-25 23:17:39,10,69,"[{'url': 'https://t.co/SHrR14ip0z', 'expanded_url': 'https://twitter.com/i/web/status/1187870871253389313', 'display_url': 'twitter.com/i/web/status/1â€¦', 'indices': [117, 140]}]",,"[{'text': 'pandas', 'indices': [35, 42]}]"
1187614763813167104,"convert two lists into dictionary:

>>> a = ['a', 'b', 'c']
>>> b = [1, 2, 3]
>>> dict(zip(a, b))
{'a': 1, 'b': 2, 'c': 3}

#python",2019-10-25 06:19:59,73,262,[],,"[{'text': 'python', 'indices': [151, 158]}]"
1187123361274617862,"You can use #pandas str methods to rename the columns of your dataframe:

>>> df.colums = df.columns.str.replace('â€¦ https://t.co/qT6809jpGR",2019-10-23 21:47:19,8,70,"[{'url': 'https://t.co/qT6809jpGR', 'expanded_url': 'https://twitter.com/i/web/status/1187123361274617862', 'display_url': 'twitter.com/i/web/status/1â€¦', 'indices': [125, 148]}]",,"[{'text': 'pandas', 'indices': [12, 19]}]"
1186857483572305920,">>> mylst = [1, 2, 3]
>>> a, b, c =  mylst
>>> a
1
>>> b
2
>>> c
3

#python",2019-10-23 04:10:49,16,105,[],,"[{'text': 'python', 'indices': [113, 120]}]"
1186389928520962048,"os.fspath normalizes both path strings and Path objects to string:

>>> from pathlib import Path
>>> import os.pathâ€¦ https://t.co/bPA6gDQCfU",2019-10-21 21:12:55,18,78,"[{'url': 'https://t.co/bPA6gDQCfU', 'expanded_url': 'https://twitter.com/i/web/status/1186389928520962048', 'display_url': 'twitter.com/i/web/status/1â€¦', 'indices': [135, 158]}]",,[]
1185233326434476032,"Not really a #pythontip by @honza95m:

What can go wrong with your times and timezones

https://t.co/OWynPlFuVg",2019-10-18 16:37:00,4,12,"[{'url': 'https://t.co/OWynPlFuVg', 'expanded_url': 'https://www.youtube.com/watch?v=-5wpm-gesOY', 'display_url': 'youtube.com/watch?v=-5wpm-â€¦', 'indices': [88, 111]}]",,"[{'text': 'pythontip', 'indices': [13, 23]}]"
1184860661601275909,"#pandas 0.25 comes with `Series.explode` functionality to split list-like values to rows.

Example:

df = pd.DataFrâ€¦ https://t.co/hFLRTwJYg1",2019-10-17 15:56:10,16,89,"[{'url': 'https://t.co/hFLRTwJYg1', 'expanded_url': 'https://twitter.com/i/web/status/1184860661601275909', 'display_url': 'twitter.com/i/web/status/1â€¦', 'indices': [117, 140]}]",,"[{'text': 'pandas', 'indices': [0, 7]}]"
1184621430685614080,"#pickle protocols explained:

https://t.co/9qNb133ln2

Python 3.8.0 introduced a pickle protocol 5 with out-of-bandâ€¦ https://t.co/gkwdeO3PND",2019-10-17 00:05:32,10,33,"[{'url': 'https://t.co/9qNb133ln2', 'expanded_url': 'https://stackoverflow.com/questions/23582489/python-pickle-protocol-choice/46213977#46213977', 'display_url': 'stackoverflow.com/questions/2358â€¦', 'indices': [30, 53]}, {'url': 'https://t.co/gkwdeO3PND', 'expanded_url': 'https://twitter.com/i/web/status/1184621430685614080', 'display_url': 'twitter.com/i/web/status/1â€¦', 'indices': [117, 140]}]",,"[{'text': 'pickle', 'indices': [0, 7]}]"
1184243873700147200,"The final version of Python 3.8.0 is out!  Here is the list of new cool features:

https://t.co/HIXAf4UX54

Wanna tâ€¦ https://t.co/CtVhELgKtT",2019-10-15 23:05:16,39,88,"[{'url': 'https://t.co/HIXAf4UX54', 'expanded_url': 'https://deepsource.io/blog/python-3-8-whats-new/', 'display_url': 'deepsource.io/blog/python-3-â€¦', 'indices': [83, 106]}, {'url': 'https://t.co/CtVhELgKtT', 'expanded_url': 'https://twitter.com/i/web/status/1184243873700147200', 'display_url': 'twitter.com/i/web/status/1â€¦', 'indices': [117, 140]}]",,[]
1183865671890812929,"RT @raymondh: Woohoo!  #Python 3.8 was just released.   And on the same day that PyPI hit 200,000 packages :-)

This one really is the bestâ€¦",2019-10-14 22:02:25,544,0,[],,"[{'text': 'Python', 'indices': [23, 30]}]"
1183751130573987840,Python News aggregator (a hacker news lookalike) written in Python/Django by @sebastiansteinsâ€¦ https://t.co/oEnIeW6h6e,2019-10-14 14:27:17,5,24,"[{'url': 'https://t.co/oEnIeW6h6e', 'expanded_url': 'https://twitter.com/i/web/status/1183751130573987840', 'display_url': 'twitter.com/i/web/status/1â€¦', 'indices': [95, 118]}]",,[]
1182955278045794304,"Check out the â€œTour of #JupyterLab Extensionsâ€ by @jtpio 

https://t.co/X2Q2zPFBPA

#PyConDE #PyDataBerlin",2019-10-12 09:44:51,11,57,"[{'url': 'https://t.co/X2Q2zPFBPA', 'expanded_url': 'https://github.com/jtpio/a-tour-of-jupyterlab-extensions', 'display_url': 'github.com/jtpio/a-tour-oâ€¦', 'indices': [59, 82]}]",,"[{'text': 'JupyterLab', 'indices': [23, 34]}, {'text': 'PyConDE', 'indices': [84, 92]}, {'text': 'PyDataBerlin', 'indices': [93, 106]}]"
1182365356683345922,"Turn your #jupyter notebook into a reveal.js-based slides with RISE extension.

https://t.co/usQhx6tTNe",2019-10-10 18:40:42,21,68,"[{'url': 'https://t.co/usQhx6tTNe', 'expanded_url': 'https://rise.readthedocs.io/en/maint-5.5/', 'display_url': 'rise.readthedocs.io/en/maint-5.5/', 'indices': [80, 103]}]",,"[{'text': 'jupyter', 'indices': [10, 18]}]"
1181958913283018753,"List comprehensions can contain more then one for and if clauses:

[
(x, y) 
for x in range(4) 
for y in range (x +â€¦ https://t.co/QVlxqGXaAE",2019-10-09 15:45:39,32,171,"[{'url': 'https://t.co/QVlxqGXaAE', 'expanded_url': 'https://twitter.com/i/web/status/1181958913283018753', 'display_url': 'twitter.com/i/web/status/1â€¦', 'indices': [117, 140]}]",,[]
1181669340317388806,"enumerate() takes a second parameter to change the starting count:

>>> names = [""Alice"", ""Bob"", ""Charlie""]
>>> lisâ€¦ https://t.co/oOBGge8gfZ",2019-10-08 20:34:59,28,134,"[{'url': 'https://t.co/oOBGge8gfZ', 'expanded_url': 'https://twitter.com/i/web/status/1181669340317388806', 'display_url': 'twitter.com/i/web/status/1â€¦', 'indices': [135, 158]}]",,[]
1181193357567184896,"Use charset_normalizer to detect around 90 encoding and 50 languages.

>>> from charset_normalizer import detect
>>â€¦ https://t.co/VSlWaPGntt",2019-10-07 13:03:36,8,48,"[{'url': 'https://t.co/VSlWaPGntt', 'expanded_url': 'https://twitter.com/i/web/status/1181193357567184896', 'display_url': 'twitter.com/i/web/status/1â€¦', 'indices': [132, 155]}]",,[]
1180744616175394816,Saving objects from Jupyter notebook session into a single compressed file (i.e. Python version of #rstats functionâ€¦ https://t.co/FYAbS4fRc1,2019-10-06 07:20:28,31,135,"[{'url': 'https://t.co/FYAbS4fRc1', 'expanded_url': 'https://twitter.com/i/web/status/1180744616175394816', 'display_url': 'twitter.com/i/web/status/1â€¦', 'indices': [117, 140]}]",,"[{'text': 'rstats', 'indices': [99, 106]}]"
1179867216218595329,"Frustrated with #pandas output? (hidden rows, hidden columns, too many digits, ...) 

Solution: set display optionsâ€¦ https://t.co/hJZkWeiyUM",2019-10-03 21:13:59,7,61,"[{'url': 'https://t.co/hJZkWeiyUM', 'expanded_url': 'https://twitter.com/i/web/status/1179867216218595329', 'display_url': 'twitter.com/i/web/status/1â€¦', 'indices': [117, 140]}]",,"[{'text': 'pandas', 'indices': [16, 23]}]"
1179785175150018560,"@Dementophobia @IDryer Good point. I guess if the ordering matters, the solution is to use list(dict.fromkeys(...))â€¦ https://t.co/MQMl06eoAZ",2019-10-03 15:47:59,1,1,"[{'url': 'https://t.co/MQMl06eoAZ', 'expanded_url': 'https://twitter.com/i/web/status/1179785175150018560', 'display_url': 'twitter.com/i/web/status/1â€¦', 'indices': [117, 140]}]",,[]
1179556301879332865,"#pythontip by @IDryer:

Get a unique collection of items in the list t as

>>> list(set(t))

Example: ðŸ‘‡ https://t.co/n5w9k3qzSI",2019-10-03 00:38:32,11,67,"[{'url': 'https://t.co/n5w9k3qzSI', 'expanded_url': 'https://twitter.com/IDryer/status/1175103586138767362', 'display_url': 'twitter.com/IDryer/status/â€¦', 'indices': [113, 136]}]",,"[{'text': 'pythontip', 'indices': [0, 10]}]"
1179210881865076737,"Ever wanted to use data from OpenStreetMap?

1. Start with an easy to use web-based Overpass APIâ€¦ https://t.co/aOJ6EUsuAj",2019-10-02 01:45:57,23,67,"[{'url': 'https://t.co/aOJ6EUsuAj', 'expanded_url': 'https://twitter.com/i/web/status/1179210881865076737', 'display_url': 'twitter.com/i/web/status/1â€¦', 'indices': [98, 121]}]",,[]
1178807625745653760,#pythontip by @florimong1: 'pytest-mypy-plugins' is a must for those who work a lot with type hintingâ€¦ https://t.co/YZ31mWZB6K,2019-09-30 23:03:33,4,18,"[{'url': 'https://t.co/YZ31mWZB6K', 'expanded_url': 'https://twitter.com/i/web/status/1178807625745653760', 'display_url': 'twitter.com/i/web/status/1â€¦', 'indices': [103, 126]}]",,"[{'text': 'pythontip', 'indices': [0, 10]}]"
1177867114767683584,"RT @raymondh: @python_tip >>> cmath.sqrt(-1)
1j",2019-09-28 08:46:18,7,0,[],,[]
1177679053928701952,">>> math.sqrt(-1)
Traceback (most recent call last):
  File ""&lt;stdin>"", line 1, in &lt;module>
ValueError: math domainâ€¦ https://t.co/v0JeuW7ODL",2019-09-27 20:19:01,6,56,"[{'url': 'https://t.co/v0JeuW7ODL', 'expanded_url': 'https://twitter.com/i/web/status/1177679053928701952', 'display_url': 'twitter.com/i/web/status/1â€¦', 'indices': [137, 160]}]",,[]
1177335055628275724,"With the #python sting replace() method, you can specify the number of occurrences to replace:
string.replace(searcâ€¦ https://t.co/68F4i6T0is",2019-09-26 21:32:05,23,129,"[{'url': 'https://t.co/68F4i6T0is', 'expanded_url': 'https://twitter.com/i/web/status/1177335055628275724', 'display_url': 'twitter.com/i/web/status/1â€¦', 'indices': [117, 140]}]",,"[{'text': 'python', 'indices': [9, 16]}]"
1176951869635203074,"When working with datetime in #pandas, you can take advantage of the dt accessor.

https://t.co/BLg7x0VjCq:

>>> dfâ€¦ https://t.co/Al5GD6YZN2",2019-09-25 20:09:27,13,54,"[{'url': 'https://t.co/BLg7x0VjCq', 'expanded_url': 'https://www.mkanalysis.com/tutorial/23#Here-are-some-of-the-more-common-dt-accessors', 'display_url': 'mkanalysis.com/tutorial/23#Heâ€¦', 'indices': [83, 106]}, {'url': 'https://t.co/Al5GD6YZN2', 'expanded_url': 'https://twitter.com/i/web/status/1176951869635203074', 'display_url': 'twitter.com/i/web/status/1â€¦', 'indices': [126, 149]}]",,"[{'text': 'pandas', 'indices': [30, 37]}]"
1176571922387263489,"In #python, you can use chained assignment:
>>> x = y = 42
>>> x, y
(42, 42)

However, be careful:
>>> a = b = []
>â€¦ https://t.co/BvJXXmFzao",2019-09-24 18:59:40,23,71,"[{'url': 'https://t.co/BvJXXmFzao', 'expanded_url': 'https://twitter.com/i/web/status/1176571922387263489', 'display_url': 'twitter.com/i/web/status/1â€¦', 'indices': [147, 170]}]",,"[{'text': 'python', 'indices': [3, 10]}]"
1176514864812036099,RT @davorabbit: This is absolutely ðŸ”¥ðŸ”¥ðŸ”¥! #Jupyter Notebooks support in @code using @pythonvscode ext: open ipynb files in a fully-functionalâ€¦,2019-09-24 15:12:57,280,0,[],,"[{'text': 'Jupyter', 'indices': [40, 48]}]"
1176232106562924552,30 seconds of #Python: curated collection of useful Python snippets you can understand in 30 seconds or less.â€¦ https://t.co/aeRgv8A0xa,2019-09-23 20:29:22,25,68,"[{'url': 'https://t.co/aeRgv8A0xa', 'expanded_url': 'https://twitter.com/i/web/status/1176232106562924552', 'display_url': 'twitter.com/i/web/status/1â€¦', 'indices': [111, 134]}]",,"[{'text': 'Python', 'indices': [14, 21]}]"
1174949234937745408,"Weekend Reading: Implementing resumable exceptions 

https://t.co/vcutH6FrUk https://t.co/8cYuA3KgXV",2019-09-20 07:31:41,9,78,"[{'url': 'https://t.co/vcutH6FrUk', 'expanded_url': 'https://github.com/Aprillion/algebraic-effects/blob/master/python/Resumable%20Exceptions%20and%20Python.ipynb', 'display_url': 'github.com/Aprillion/algeâ€¦', 'indices': [53, 76]}]","[{'id': 1174949064959393792, 'id_str': '1174949064959393792', 'indices': [77, 100], 'media_url': 'http://pbs.twimg.com/media/EE5B8w4VAAAUB4d.jpg', 'media_url_https': 'https://pbs.twimg.com/media/EE5B8w4VAAAUB4d.jpg', 'url': 'https://t.co/8cYuA3KgXV', 'display_url': 'pic.twitter.com/8cYuA3KgXV', 'expanded_url': 'https://twitter.com/python_tip/status/1174949234937745408/photo/1', 'type': 'photo', 'sizes': {'thumb': {'w': 150, 'h': 150, 'resize': 'crop'}, 'medium': {'w': 931, 'h': 328, 'resize': 'fit'}, 'small': {'w': 680, 'h': 240, 'resize': 'fit'}, 'large': {'w': 931, 'h': 328, 'resize': 'fit'}}}]",[]
1174564778976526336,"#pythontip by @justmarkham:

You can use f-strings when selecting a column from #pandas DataFrame! ðŸ‘‡â€¦ https://t.co/Skz2EWMvKU",2019-09-19 06:04:00,10,60,"[{'url': 'https://t.co/Skz2EWMvKU', 'expanded_url': 'https://twitter.com/i/web/status/1174564778976526336', 'display_url': 'twitter.com/i/web/status/1â€¦', 'indices': [102, 125]}]",,"[{'text': 'pythontip', 'indices': [0, 10]}, {'text': 'pandas', 'indices': [80, 87]}]"
1174129423148355584,"Do you need to warn the user? 

warnings.warn('I smell something fishy! ðŸŸ')

Do you want to suppress all 'fishy' waâ€¦ https://t.co/ALWOkJ6ULO",2019-09-18 01:14:03,16,60,"[{'url': 'https://t.co/ALWOkJ6ULO', 'expanded_url': 'https://twitter.com/i/web/status/1174129423148355584', 'display_url': 'twitter.com/i/web/status/1â€¦', 'indices': [117, 140]}]",,[]
1173712263066243072,"#pythontip by @mgalalen:

You can use parentheses around the multi-line data pipeline and avoid the need to add '\'â€¦ https://t.co/QNnB4v46kt",2019-09-16 21:36:24,16,72,"[{'url': 'https://t.co/QNnB4v46kt', 'expanded_url': 'https://twitter.com/i/web/status/1173712263066243072', 'display_url': 'twitter.com/i/web/status/1â€¦', 'indices': [117, 140]}]",,"[{'text': 'pythontip', 'indices': [0, 10]}]"
1173363459196706817,"#Numpy broadcasting can be tricky

>>> import numpy as np
>>>
>>> (np.ones((32,)) + np.ones((32,1))).shape
(32, 32)â€¦ https://t.co/Hdxy8RyKr4",2019-09-15 22:30:23,32,74,"[{'url': 'https://t.co/Hdxy8RyKr4', 'expanded_url': 'https://twitter.com/i/web/status/1173363459196706817', 'display_url': 'twitter.com/i/web/status/1â€¦', 'indices': [144, 167]}]",,"[{'text': 'Numpy', 'indices': [0, 6]}]"
1172548019696414720,Browse and search lightning talks from  #PyCon US and #EuroPython at https://t.co/Usf7DO95Vt,2019-09-13 16:30:07,4,22,"[{'url': 'https://t.co/Usf7DO95Vt', 'expanded_url': 'https://pythonlinks.info/', 'display_url': 'pythonlinks.info', 'indices': [69, 92]}]",,"[{'text': 'PyCon', 'indices': [40, 46]}, {'text': 'EuroPython', 'indices': [54, 65]}]"
1172251574795669513,"The splitlines() method returns a list with all the lines in string.

#python 
https://t.co/N6Fp54MK8u",2019-09-12 20:52:09,7,32,"[{'url': 'https://t.co/N6Fp54MK8u', 'expanded_url': 'https://docs.python.org/3/library/stdtypes.html#str.splitlines', 'display_url': 'docs.python.org/3/library/stdtâ€¦', 'indices': [79, 102]}]",,"[{'text': 'python', 'indices': [70, 77]}]"
1171911087568097280,"#pythontip by @justmarkham:

Did you encounter the dreaded SettingWithCopyWarning in #pandas? ðŸ¼ðŸ‘»

The usual solutioâ€¦ https://t.co/H1TtpMSAwg",2019-09-11 22:19:10,11,58,"[{'url': 'https://t.co/H1TtpMSAwg', 'expanded_url': 'https://twitter.com/i/web/status/1171911087568097280', 'display_url': 'twitter.com/i/web/status/1â€¦', 'indices': [117, 140]}]",,"[{'text': 'pythontip', 'indices': [0, 10]}, {'text': 'pandas', 'indices': [85, 92]}]"
1171513260266278914,"Use https://t.co/KBWVZb2pZj_clipboard() to copy and paste a table into dataframe.
https://t.co/xAeOLeM4IE
#pandas",2019-09-10 19:58:21,5,28,"[{'url': 'https://t.co/KBWVZb2pZj', 'expanded_url': 'http://pd.read', 'display_url': 'pd.read', 'indices': [4, 27]}, {'url': 'https://t.co/xAeOLeM4IE', 'expanded_url': 'https://stackoverflow.com/questions/31610889/how-to-copy-paste-dataframe-from-stackoverflow-into-python', 'display_url': 'stackoverflow.com/questions/3161â€¦', 'indices': [82, 105]}]",,"[{'text': 'pandas', 'indices': [106, 113]}]"
1171187002890489857,"#Python3 pathlib is awesome. You can join paths by '/' operator:

data_folder = Path(""my_project/data/"")
file_to_opâ€¦ https://t.co/7xmHRWYdj9",2019-09-09 22:21:55,22,110,"[{'url': 'https://t.co/7xmHRWYdj9', 'expanded_url': 'https://twitter.com/i/web/status/1171187002890489857', 'display_url': 'twitter.com/i/web/status/1â€¦', 'indices': [117, 140]}]",,"[{'text': 'Python3', 'indices': [0, 8]}]"
1169882321715023873,"RT @eumiro: @python_tip Correct! If you want to access different fields of ""today"", call ""https://t.co/FSeGYQDUg1()"" only once. Because

>â€¦",2019-09-06 07:57:35,5,0,"[{'url': 'https://t.co/FSeGYQDUg1', 'expanded_url': 'http://date.today', 'display_url': 'date.today', 'indices': [90, 113]}]",,[]
1169852731449847808,"What day is today?
> from datetime import date
> today = https://t.co/DAMy3gbWaN()

Which day of the week/month/yeaâ€¦ https://t.co/QgPOMRHc3O",2019-09-06 06:00:00,21,112,"[{'url': 'https://t.co/DAMy3gbWaN', 'expanded_url': 'http://date.today', 'display_url': 'date.today', 'indices': [63, 86]}, {'url': 'https://t.co/QgPOMRHc3O', 'expanded_url': 'https://twitter.com/i/web/status/1169852731449847808', 'display_url': 'twitter.com/i/web/status/1â€¦', 'indices': [123, 146]}]",,[]
1169490593468375040,"#pythontip from @ShivamKotwalia:

Multiprocess your #pandas with #swifter and #dask
https://t.co/qXYxFcuqPKâ€¦ https://t.co/xabCEvukCG",2019-09-05 06:01:00,18,75,"[{'url': 'https://t.co/qXYxFcuqPK', 'expanded_url': 'https://twitter.com/deliprao/status/1165044020977922049', 'display_url': 'twitter.com/deliprao/statuâ€¦', 'indices': [84, 107]}, {'url': 'https://t.co/xabCEvukCG', 'expanded_url': 'https://twitter.com/i/web/status/1169490593468375040', 'display_url': 'twitter.com/i/web/status/1â€¦', 'indices': [109, 132]}]",,"[{'text': 'pythontip', 'indices': [0, 10]}, {'text': 'pandas', 'indices': [52, 59]}, {'text': 'swifter', 'indices': [65, 73]}, {'text': 'dask', 'indices': [78, 83]}]"
1169125688948842496,"Too complex code that is difficult to read and maintain? Strive for simplicity with #wily. 

@realpython has a greaâ€¦ https://t.co/tC3BALKQ2d",2019-09-04 05:51:00,15,48,"[{'url': 'https://t.co/tC3BALKQ2d', 'expanded_url': 'https://twitter.com/i/web/status/1169125688948842496', 'display_url': 'twitter.com/i/web/status/1â€¦', 'indices': [117, 140]}]",,"[{'text': 'wily', 'indices': [84, 89]}]"
1168765567076950016,"Do you what to run your notebook both locally and on Google colab without any modification?

See this thread for adâ€¦ https://t.co/BLGii8J4Wo",2019-09-03 06:00:00,11,41,"[{'url': 'https://t.co/BLGii8J4Wo', 'expanded_url': 'https://twitter.com/i/web/status/1168765567076950016', 'display_url': 'twitter.com/i/web/status/1â€¦', 'indices': [117, 140]}]",,[]
1168403179077173248,"New in #pandas 0.25 - Groupby aggregation with relabeling

https://t.co/TVTQeinhbk https://t.co/JB9w7mEqAc",2019-09-02 06:00:00,21,140,"[{'url': 'https://t.co/TVTQeinhbk', 'expanded_url': 'https://pandas.pydata.org/pandas-docs/version/0.25/whatsnew/v0.25.0.html#groupby-aggregation-with-relabeling', 'display_url': 'pandas.pydata.org/pandas-docs/veâ€¦', 'indices': [59, 82]}]","[{'id': 1167832653732753410, 'id_str': '1167832653732753410', 'indices': [83, 106], 'media_url': 'http://pbs.twimg.com/media/EDT5nHLXsAIGW00.jpg', 'media_url_https': 'https://pbs.twimg.com/media/EDT5nHLXsAIGW00.jpg', 'url': 'https://t.co/JB9w7mEqAc', 'display_url': 'pic.twitter.com/JB9w7mEqAc', 'expanded_url': 'https://twitter.com/python_tip/status/1168403179077173248/photo/1', 'type': 'photo', 'sizes': {'thumb': {'w': 150, 'h': 150, 'resize': 'crop'}, 'small': {'w': 670, 'h': 553, 'resize': 'fit'}, 'medium': {'w': 670, 'h': 553, 'resize': 'fit'}, 'large': {'w': 670, 'h': 553, 'resize': 'fit'}}}]","[{'text': 'pandas', 'indices': [7, 14]}]"
1167426141080182784,"Since the version 7.3.0, #IPython supports %pip and %conda magics. These magics attempt to install packages into thâ€¦ https://t.co/GAXCHef5Ny",2019-08-30 13:17:36,9,42,"[{'url': 'https://t.co/GAXCHef5Ny', 'expanded_url': 'https://twitter.com/i/web/status/1167426141080182784', 'display_url': 'twitter.com/i/web/status/1â€¦', 'indices': [117, 140]}]",,"[{'text': 'IPython', 'indices': [25, 33]}]"
1167177601670139906,"Guess the output:

>>> all([])

>>> all([[]])

>>> all([[[]]])

Explanation: 
https://t.co/9WdOUKpTpB",2019-08-29 20:50:00,3,50,"[{'url': 'https://t.co/9WdOUKpTpB', 'expanded_url': 'https://github.com/cosmologicon/pywat/blob/master/explanation.md#all-and-emptiness', 'display_url': 'github.com/cosmologicon/pâ€¦', 'indices': [105, 128]}]",,[]
1166827139502616579,"Compare lists without taking their order into account:

>>> from collections import Counter
>>> a = [1, 2, 3]
>>> bâ€¦ https://t.co/YuJ9gLxGbx",2019-08-28 21:37:23,31,141,"[{'url': 'https://t.co/YuJ9gLxGbx', 'expanded_url': 'https://twitter.com/i/web/status/1166827139502616579', 'display_url': 'twitter.com/i/web/status/1â€¦', 'indices': [144, 167]}]",,[]
1166460268613967872,"Implicit string concatenation in #python is nice when you have long strings...

>>> s = ('some very very very '
...â€¦ https://t.co/qow5lCXZe4",2019-08-27 21:19:34,27,96,"[{'url': 'https://t.co/qow5lCXZe4', 'expanded_url': 'https://twitter.com/i/web/status/1166460268613967872', 'display_url': 'twitter.com/i/web/status/1â€¦', 'indices': [126, 149]}]",,"[{'text': 'python', 'indices': [33, 40]}]"
1166079081424838658,"Read all sheets in an Excel file with #pandas at once:

all_dfs = https://t.co/KBWVZaKP7L_excel('myexcel.xlsx', sheâ€¦ https://t.co/8amfD4jlts",2019-08-26 20:04:52,21,93,"[{'url': 'https://t.co/KBWVZaKP7L', 'expanded_url': 'http://pd.read', 'display_url': 'pd.read', 'indices': [66, 89]}, {'url': 'https://t.co/8amfD4jlts', 'expanded_url': 'https://twitter.com/i/web/status/1166079081424838658', 'display_url': 'twitter.com/i/web/status/1â€¦', 'indices': [117, 140]}]",,"[{'text': 'pandas', 'indices': [38, 45]}]"
1164805812356702210,"RT @starenka: @python_tip @IDryer This looks less like jquery to me:

head = [re.sub('\W', '', one.title()) for one in head]

;)",2019-08-23 07:45:21,4,0,[],,[]
1164779299632631808,"How to clean up a header row with vanilla python 

#pythontip from @IDryer
https://t.co/JCely0kOyK https://t.co/qbeAY5E5mu",2019-08-23 06:00:00,7,31,"[{'url': 'https://t.co/JCely0kOyK', 'expanded_url': 'https://twitter.com/IDryer/status/1145055358437724160', 'display_url': 'twitter.com/IDryer/status/â€¦', 'indices': [75, 98]}]","[{'id': 1163117780977225730, 'id_str': '1163117780977225730', 'indices': [99, 122], 'media_url': 'http://pbs.twimg.com/media/ECQ5dZcWkAIoT09.png', 'media_url_https': 'https://pbs.twimg.com/media/ECQ5dZcWkAIoT09.png', 'url': 'https://t.co/qbeAY5E5mu', 'display_url': 'pic.twitter.com/qbeAY5E5mu', 'expanded_url': 'https://twitter.com/python_tip/status/1164779299632631808/photo/1', 'type': 'photo', 'sizes': {'medium': {'w': 680, 'h': 434, 'resize': 'fit'}, 'thumb': {'w': 150, 'h': 150, 'resize': 'crop'}, 'large': {'w': 680, 'h': 434, 'resize': 'fit'}, 'small': {'w': 680, 'h': 434, 'resize': 'fit'}}}]","[{'text': 'pythontip', 'indices': [51, 61]}]"
1164455750871203840,"@ramvee I agree it is slightly controversial. But you can always easily add import statements at the end with 

active_imports()",2019-08-22 08:34:20,0,1,[],,[]
1164416913276993536,"Does all your Jupyter notebooks start with the same import statements?

import numpy as np
import pandas as pd
...â€¦ https://t.co/Mp22BjmwVU",2019-08-22 06:00:00,28,114,"[{'url': 'https://t.co/Mp22BjmwVU', 'expanded_url': 'https://twitter.com/i/web/status/1164416913276993536', 'display_url': 'twitter.com/i/web/status/1â€¦', 'indices': [116, 139]}]",,[]
1164054525725929472,"#pythontip from @thisPtr

Yield Keyword &amp; Generators explained with examples

https://t.co/7l7irwb0XN",2019-08-21 06:00:00,4,22,"[{'url': 'https://t.co/7l7irwb0XN', 'expanded_url': 'https://thispointer.com/python-use-of-yield-keyword-generators-explained-with-examples/', 'display_url': 'thispointer.com/python-use-of-â€¦', 'indices': [82, 105]}]",,"[{'text': 'pythontip', 'indices': [0, 10]}]"
1163692135910203392,"There are 3 ways to combine #pandas dataframes:

1) merge - SQL JOIN on the selected column(s)
2) join - merge by tâ€¦ https://t.co/zjb7J0BkMf",2019-08-20 06:00:00,10,61,"[{'url': 'https://t.co/zjb7J0BkMf', 'expanded_url': 'https://twitter.com/i/web/status/1163692135910203392', 'display_url': 'twitter.com/i/web/status/1â€¦', 'indices': [117, 140]}]",,"[{'text': 'pandas', 'indices': [28, 35]}]"
1163329749055229952,"Deepcopy can be extremely slow.  So much that 

pickle.loads(pickle.dumps(my_object))

is actually faster. See examâ€¦ https://t.co/88wMc7EjeZ",2019-08-19 06:00:00,18,50,"[{'url': 'https://t.co/88wMc7EjeZ', 'expanded_url': 'https://twitter.com/i/web/status/1163329749055229952', 'display_url': 'twitter.com/i/web/status/1â€¦', 'indices': [117, 140]}]",,[]
1162485252813725697,"print() function's sep and end arguments may come in handy:

>>> lst = [""a"", ""b"", ""c""]
>>> print(*lst)
a b c
>>> prâ€¦ https://t.co/9JSqHAYpSO",2019-08-16 22:04:16,44,179,"[{'url': 'https://t.co/9JSqHAYpSO', 'expanded_url': 'https://twitter.com/i/web/status/1162485252813725697', 'display_url': 'twitter.com/i/web/status/1â€¦', 'indices': [144, 167]}]",,[]
1162047046427140097,">>> a = ""dog""
>>> b = ""dog""
>>> a is b
True
>>> c = ""d"" + ""og""
>>> a is c
True
>>> d = """".join([""d"", ""og""])
>>> a iâ€¦ https://t.co/JVvvPJQqb2",2019-08-15 17:03:00,14,66,"[{'url': 'https://t.co/JVvvPJQqb2', 'expanded_url': 'https://twitter.com/i/web/status/1162047046427140097', 'display_url': 'twitter.com/i/web/status/1â€¦', 'indices': [180, 203]}]",,[]
1161886780041437184,"Worth a try:
Python Handout by  @daniarh lets you create docs with inline figures, images, videos directly fromâ€¦ https://t.co/YB83mGCQRL",2019-08-15 06:26:09,27,119,"[{'url': 'https://t.co/YB83mGCQRL', 'expanded_url': 'https://twitter.com/i/web/status/1161886780041437184', 'display_url': 'twitter.com/i/web/status/1â€¦', 'indices': [113, 136]}]",,[]
1161241639693799425,"Probably not a good idea, but you can access #numpy functionality from within #pandas :-)

>>> import pandas as pdâ€¦ https://t.co/oYBHjTpjTr",2019-08-13 11:42:36,5,38,"[{'url': 'https://t.co/oYBHjTpjTr', 'expanded_url': 'https://twitter.com/i/web/status/1161241639693799425', 'display_url': 'twitter.com/i/web/status/1â€¦', 'indices': [125, 148]}]",,"[{'text': 'numpy', 'indices': [45, 51]}, {'text': 'pandas', 'indices': [78, 85]}]"
1161015163589468160,"Skip the beginning of an iterable with itertools.dropwhile():

with open(""story.txt"") as txt:
    for L in itertoolâ€¦ https://t.co/ssde7XWYUi",2019-08-12 20:42:40,31,125,"[{'url': 'https://t.co/ssde7XWYUi', 'expanded_url': 'https://twitter.com/i/web/status/1161015163589468160', 'display_url': 'twitter.com/i/web/status/1â€¦', 'indices': [117, 140]}]",,[]
1159707631075958784,"Unlike in Haskell or R, you cannot define your own operators in Python.

However, this litter hack gets you prettyâ€¦ https://t.co/wJMyXd7GqO",2019-08-09 06:07:00,22,90,"[{'url': 'https://t.co/wJMyXd7GqO', 'expanded_url': 'https://twitter.com/i/web/status/1159707631075958784', 'display_url': 'twitter.com/i/web/status/1â€¦', 'indices': [116, 139]}]",,[]
1159376998499852288,RT @Adyasha_D: @python_tip @LivePython One of my favorite summaries on the usage and caveats of using __slots__: https://t.co/ZbjPBrJ0Qf,2019-08-08 08:13:11,5,0,"[{'url': 'https://t.co/ZbjPBrJ0Qf', 'expanded_url': 'https://stackoverflow.com/questions/472000/usage-of-slots/28059785#28059785', 'display_url': 'stackoverflow.com/questions/4720â€¦', 'indices': [113, 136]}]",,[]
1159342978294374400,"By default, Python enables us to add new attributes during runtime. However, if you fix the set of attributes withâ€¦ https://t.co/2rQFltXJmZ",2019-08-08 05:58:00,39,139,"[{'url': 'https://t.co/2rQFltXJmZ', 'expanded_url': 'https://twitter.com/i/web/status/1159342978294374400', 'display_url': 'twitter.com/i/web/status/1â€¦', 'indices': [116, 139]}]",,[]
1158989650272198656,"#pythontip from @thisPtr:

How to merge two or more dictionaries

https://t.co/YvJxPTCIEL",2019-08-07 06:34:00,4,21,"[{'url': 'https://t.co/YvJxPTCIEL', 'expanded_url': 'https://thispointer.com/how-to-merge-two-or-more-dictionaries-in-python/', 'display_url': 'thispointer.com/how-to-merge-tâ€¦', 'indices': [66, 89]}]",,"[{'text': 'pythontip', 'indices': [0, 10]}]"
1158621725757624320,"A nice shortcut for unpacking a tuple in Python by @IDryer:

https://t.co/TBT3qxYbvy https://t.co/IophHTz91V",2019-08-06 06:12:00,16,60,"[{'url': 'https://t.co/TBT3qxYbvy', 'expanded_url': 'https://twitter.com/IDryer/status/1154387819009363970', 'display_url': 'twitter.com/IDryer/status/â€¦', 'indices': [61, 84]}]","[{'id': 1157408747775545345, 'id_str': '1157408747775545345', 'indices': [85, 108], 'media_url': 'http://pbs.twimg.com/media/EA_xH7cXUAEDaxh.png', 'media_url_https': 'https://pbs.twimg.com/media/EA_xH7cXUAEDaxh.png', 'url': 'https://t.co/IophHTz91V', 'display_url': 'pic.twitter.com/IophHTz91V', 'expanded_url': 'https://twitter.com/python_tip/status/1158621725757624320/photo/1', 'type': 'photo', 'sizes': {'medium': {'w': 680, 'h': 588, 'resize': 'fit'}, 'large': {'w': 680, 'h': 588, 'resize': 'fit'}, 'thumb': {'w': 150, 'h': 150, 'resize': 'crop'}, 'small': {'w': 680, 'h': 588, 'resize': 'fit'}}}]",[]
1158256319478022145,"#math module offers a wide choice of math functions incl. `factorial`, `reminder`, the Gauss error function `erf` aâ€¦ https://t.co/D3hco1qHoG",2019-08-05 06:00:00,6,22,"[{'url': 'https://t.co/D3hco1qHoG', 'expanded_url': 'https://twitter.com/i/web/status/1158256319478022145', 'display_url': 'twitter.com/i/web/status/1â€¦', 'indices': [117, 140]}]",,"[{'text': 'math', 'indices': [0, 5]}]"
1157272812412899328,#Python tip by @RaphaelVallat: one of my favorite thing about #Pandas is combining groupby/aggregate to create a reâ€¦ https://t.co/jghZxAIE22,2019-08-02 12:51:54,25,148,"[{'url': 'https://t.co/jghZxAIE22', 'expanded_url': 'https://twitter.com/i/web/status/1157272812412899328', 'display_url': 'twitter.com/i/web/status/1â€¦', 'indices': [117, 140]}]",,"[{'text': 'Python', 'indices': [0, 7]}, {'text': 'Pandas', 'indices': [62, 69]}]"
1156783020675915776,"List Slicing with None as argument:  

>>> a = [0, 1, 2, 3, 4, 5] 
>>> LASTTHREE = slice(-3, None) 
>>> a[LASTTHREE] 
[3, 4, 5]  

#python",2019-08-01 04:25:38,25,92,[],,"[{'text': 'python', 'indices': [158, 165]}]"
1156323362668498945,Did you know that you could control your mouse and keyboard using python code?!  https://t.co/IK1q0OkwFF,2019-07-30 21:59:07,17,53,"[{'url': 'https://t.co/IK1q0OkwFF', 'expanded_url': 'http://www.codeharvest.io/automation/gui-automation-using-python/', 'display_url': 'codeharvest.io/automation/guiâ€¦', 'indices': [81, 104]}]",,[]
1155949192243585024,"Use pandas_profiling.ProfileReport(df) to explore your data.

#pandas #pandas-profiling https://t.co/Mu5yyiGUhK",2019-07-29 21:12:18,20,128,[],"[{'id': 1155949184626782208, 'id_str': '1155949184626782208', 'indices': [88, 111], 'media_url': 'http://pbs.twimg.com/media/EArBqLAU8AA0UmF.jpg', 'media_url_https': 'https://pbs.twimg.com/media/EArBqLAU8AA0UmF.jpg', 'url': 'https://t.co/Mu5yyiGUhK', 'display_url': 'pic.twitter.com/Mu5yyiGUhK', 'expanded_url': 'https://twitter.com/python_tip/status/1155949192243585024/photo/1', 'type': 'photo', 'sizes': {'large': {'w': 1027, 'h': 699, 'resize': 'fit'}, 'thumb': {'w': 150, 'h': 150, 'resize': 'crop'}, 'small': {'w': 680, 'h': 463, 'resize': 'fit'}, 'medium': {'w': 1027, 'h': 699, 'resize': 'fit'}}}]","[{'text': 'pandas', 'indices': [62, 69]}, {'text': 'pandas', 'indices': [70, 77]}]"
1154632439723175936,"#pythontip from @codeharvestio:

What could be more productive than making your own productivity tool using python!â€¦ https://t.co/TCnN6UCAew",2019-07-26 06:00:00,6,32,"[{'url': 'https://t.co/TCnN6UCAew', 'expanded_url': 'https://twitter.com/i/web/status/1154632439723175936', 'display_url': 'twitter.com/i/web/status/1â€¦', 'indices': [117, 140]}]",,"[{'text': 'pythontip', 'indices': [0, 10]}]"
1154269548083683328,"Know the difference between class vs. instance attributes

https://t.co/vweeMML3Uz

Solution with @classmethod decoâ€¦ https://t.co/Mw9Cfg3MEc",2019-07-25 05:58:00,5,58,"[{'url': 'https://t.co/vweeMML3Uz', 'expanded_url': 'https://twitter.com/jakevdp/status/1120898594519650304', 'display_url': 'twitter.com/jakevdp/statusâ€¦', 'indices': [59, 82]}, {'url': 'https://t.co/Mw9Cfg3MEc', 'expanded_url': 'https://twitter.com/i/web/status/1154269548083683328', 'display_url': 'twitter.com/i/web/status/1â€¦', 'indices': [117, 140]}]",,[]
1153948433390145536,"@root_inside @GullumLuvl Delta Degrees of Freedom. The divisor used in calculations of std. dev. is N - ddof

https://t.co/5Wltwz2dI2",2019-07-24 08:42:00,1,4,"[{'url': 'https://t.co/5Wltwz2dI2', 'expanded_url': 'https://pandas.pydata.org/pandas-docs/stable/reference/api/pandas.Series.std.html', 'display_url': 'pandas.pydata.org/pandas-docs/stâ€¦', 'indices': [110, 133]}]",,[]
1153948064882860037,@MwandiFrank No. The problem is that statisticians never agreed on std. deviation definition. Sometimes it makes moâ€¦ https://t.co/eiZbHCJVXk,2019-07-24 08:40:32,1,8,"[{'url': 'https://t.co/eiZbHCJVXk', 'expanded_url': 'https://twitter.com/i/web/status/1153948064882860037', 'display_url': 'twitter.com/i/web/status/1â€¦', 'indices': [117, 140]}]",,[]
1153943018891857920,"#pythontip from @GullumLuvl

There is a difference between numpy and pandas in std. dev. calculation: default ddofâ€¦ https://t.co/SFJcM8yAz4",2019-07-24 08:20:29,28,77,"[{'url': 'https://t.co/SFJcM8yAz4', 'expanded_url': 'https://twitter.com/i/web/status/1153943018891857920', 'display_url': 'twitter.com/i/web/status/1â€¦', 'indices': [116, 139]}]",,"[{'text': 'pythontip', 'indices': [0, 10]}]"
1153545275673153538,"You might know that ! in #JupyterNotebook, calls a shell command.

But do you know you can insert the value of Pythâ€¦ https://t.co/Tzqieeg4Nc",2019-07-23 06:00:00,37,124,"[{'url': 'https://t.co/Tzqieeg4Nc', 'expanded_url': 'https://twitter.com/i/web/status/1153545275673153538', 'display_url': 'twitter.com/i/web/status/1â€¦', 'indices': [117, 140]}]",,"[{'text': 'JupyterNotebook', 'indices': [25, 41]}]"
1153182889271365634,"#pythontip from @IDryer:

Add leading zeroes to a Series in #pandas

>>> df.EMPid.astype(""str"").str.rjust(7, '0')â€¦ https://t.co/Z3yGf7EVTn",2019-07-22 06:00:00,12,62,"[{'url': 'https://t.co/Z3yGf7EVTn', 'expanded_url': 'https://twitter.com/i/web/status/1153182889271365634', 'display_url': 'twitter.com/i/web/status/1â€¦', 'indices': [124, 147]}]",,"[{'text': 'pythontip', 'indices': [0, 10]}, {'text': 'pandas', 'indices': [60, 67]}]"
1152327599336517632,"#pandas 0.25.0 is out. 
Try exploding the list-like columns: https://t.co/lr6WwUnBYg

#python https://t.co/GxTYc43GDP",2019-07-19 21:21:23,23,152,"[{'url': 'https://t.co/lr6WwUnBYg', 'expanded_url': 'https://pandas.pydata.org/pandas-docs/version/0.25/user_guide/reshaping.html#reshaping-explode', 'display_url': 'pandas.pydata.org/pandas-docs/veâ€¦', 'indices': [61, 84]}]","[{'id': 1152327594777427970, 'id_str': '1152327594777427970', 'indices': [94, 117], 'media_url': 'http://pbs.twimg.com/media/D_3j15eWwAIOsGI.png', 'media_url_https': 'https://pbs.twimg.com/media/D_3j15eWwAIOsGI.png', 'url': 'https://t.co/GxTYc43GDP', 'display_url': 'pic.twitter.com/GxTYc43GDP', 'expanded_url': 'https://twitter.com/python_tip/status/1152327599336517632/photo/1', 'type': 'photo', 'sizes': {'medium': {'w': 538, 'h': 368, 'resize': 'fit'}, 'small': {'w': 538, 'h': 368, 'resize': 'fit'}, 'large': {'w': 538, 'h': 368, 'resize': 'fit'}, 'thumb': {'w': 150, 'h': 150, 'resize': 'crop'}}}]","[{'text': 'pandas', 'indices': [0, 7]}, {'text': 'python', 'indices': [86, 93]}]"
1151963082593329161,"Use sets for intersection of lists:
>>> a = [1,2,3,4,5,9,10,11]
>>> b = [4,5,6,7]
>>> set(a).intersection(b)
{4, 5}
#python",2019-07-18 21:12:55,24,99,[],,"[{'text': 'python', 'indices': [143, 150]}]"
1151584666866081792,"#pythontip from @KarolinaBzdusek:

There are two ways to create a set from a list:
a) set([1, 2, 3, 4, 5, 6, 7, 8,â€¦ https://t.co/tYwvaFgioR",2019-07-17 20:09:14,29,86,"[{'url': 'https://t.co/tYwvaFgioR', 'expanded_url': 'https://twitter.com/i/web/status/1151584666866081792', 'display_url': 'twitter.com/i/web/status/1â€¦', 'indices': [116, 139]}]",,"[{'text': 'pythontip', 'indices': [0, 10]}]"
1151091868328955904,"You may already know you can execute a #Python script before entering the interpreter using the -i option.

But whaâ€¦ https://t.co/TqyEJT8PdS",2019-07-16 11:31:02,11,53,"[{'url': 'https://t.co/TqyEJT8PdS', 'expanded_url': 'https://twitter.com/i/web/status/1151091868328955904', 'display_url': 'twitter.com/i/web/status/1â€¦', 'indices': [117, 140]}]",,"[{'text': 'Python', 'indices': [39, 46]}]"
1150755234647609344,Don't miss the #PyTorch &amp; #deeplearning mini-course from @alfcnz : https://t.co/6yqz8S5eFZ,2019-07-15 13:13:22,8,44,"[{'url': 'https://t.co/6yqz8S5eFZ', 'expanded_url': 'https://github.com/Atcold/pytorch-Deep-Learning-Minicourse', 'display_url': 'github.com/Atcold/pytorchâ€¦', 'indices': [71, 94]}]",,"[{'text': 'PyTorch', 'indices': [15, 23]}, {'text': 'deeplearning', 'indices': [30, 43]}]"
1149565847054233600,"Do you need to use passwords or other secrets in your code? 

With the `keyring` module, you can save them to yourâ€¦ https://t.co/MWexm6lOEQ",2019-07-12 06:27:10,18,98,"[{'url': 'https://t.co/MWexm6lOEQ', 'expanded_url': 'https://twitter.com/i/web/status/1149565847054233600', 'display_url': 'twitter.com/i/web/status/1â€¦', 'indices': [116, 139]}]",,[]
1149104601305665536,"#pythontip from @FlorimondManca:

In #Python 3.7 and above, you can use `breakpoint` builtin to start a pdb sessionâ€¦ https://t.co/kCc5wcmuKC",2019-07-10 23:54:20,11,48,"[{'url': 'https://t.co/kCc5wcmuKC', 'expanded_url': 'https://twitter.com/i/web/status/1149104601305665536', 'display_url': 'twitter.com/i/web/status/1â€¦', 'indices': [117, 140]}]",,"[{'text': 'pythontip', 'indices': [0, 10]}, {'text': 'Python', 'indices': [37, 44]}]"
